name,taxonomy
EsbE_18-Q3-R3-47_BAT3C.270.fa,d__Archaea;p__Halobacterota;c__Methanomicrobia;o__Methanomicrobiales;f__Methanoregulaceae;g__UBA9949;s__
EsbE_18-Q3-R3-47_BAT3C.140.fa,d__Archaea;p__Halobacterota;c__Methanosarcinia;o__Methanotrichales;f__Methanotrichaceae;g__Methanothrix;s__
Fred_18-Q3-R57-64_BAT3C.431.fa,d__Archaea;p__Iainarchaeota;c__Iainarchaeia;o__;f__;g__;s__
Ejby_18-Q3-R6-50_BAT3C.203.fa,d__Bacteria;p__Actinobacteriota;c__Actinobacteria;o__Actinomycetales;f__Dermatophilaceae;g__Austwickia;s__
Fred_18-Q3-R57-64_BATAC.85v2.fa,d__Bacteria;p__Actinobacteriota;c__Actinobacteria;o__Actinomycetales;f__Dermatophilaceae;g__Austwickia;s__
Hirt_18-Q3-R61-65_BAT3C.202.fa,d__Bacteria;p__Actinobacteriota;c__Actinobacteria;o__Actinomycetales;f__Dermatophilaceae;g__Austwickia;s__
Lyne_18-Q3-R50-59_BATAC.420.fa,d__Bacteria;p__Actinobacteriota;c__Actinobacteria;o__Actinomycetales;f__Dermatophilaceae;g__Austwickia;s__
AalE_18-Q3-R2-46_BAT3C.188.fa,d__Bacteria;p__Actinobacteriota;c__Actinobacteria;o__Actinomycetales;f__Dermatophilaceae;g__GCA-2748155;s__
AalW_18-Q3-R10-53_BAT3C.524.fa,d__Bacteria;p__Actinobacteriota;c__Actinobacteria;o__Actinomycetales;f__Dermatophilaceae;g__GCA-2748155;s__
Bjer_18-Q3-R1-45_BAT3C.93.fa,d__Bacteria;p__Actinobacteriota;c__Actinobacteria;o__Actinomycetales;f__Dermatophilaceae;g__GCA-2748155;s__
Ega_18-Q3-R5-49_MAXAC.001.fa,d__Bacteria;p__Actinobacteriota;c__Actinobacteria;o__Actinomycetales;f__Dermatophilaceae;g__GCA-2748155;s__
EsbW_18-Q3-R4-48_BAT3C.295.fa,d__Bacteria;p__Actinobacteriota;c__Actinobacteria;o__Actinomycetales;f__Dermatophilaceae;g__GCA-2748155;s__
Hirt_18-Q3-R61-65_BAT3C.386.fa,d__Bacteria;p__Actinobacteriota;c__Actinobacteria;o__Actinomycetales;f__Dermatophilaceae;g__GCA-2748155;s__
Hjor_18-Q3-R7-51_BAT3C.81_sub.fa,d__Bacteria;p__Actinobacteriota;c__Actinobacteria;o__Actinomycetales;f__Dermatophilaceae;g__GCA-2748155;s__
Hjor_18-Q3-R7-51_MAXAC.088.fa,d__Bacteria;p__Actinobacteriota;c__Actinobacteria;o__Actinomycetales;f__Dermatophilaceae;g__GCA-2748155;s__
Mari_18-Q3-R65-66_BAT3C.41.fa,d__Bacteria;p__Actinobacteriota;c__Actinobacteria;o__Actinomycetales;f__Dermatophilaceae;g__GCA-2748155;s__
Ribe_18-Q3-R11-54_BAT3C.65.fa,d__Bacteria;p__Actinobacteriota;c__Actinobacteria;o__Actinomycetales;f__Dermatophilaceae;g__GCA-2748155;s__
Ribe_18-Q3-R11-54_MAXAC.001.fa,d__Bacteria;p__Actinobacteriota;c__Actinobacteria;o__Actinomycetales;f__Dermatophilaceae;g__GCA-2748155;s__
Hjor_18-Q3-R7-51_BAT3C.94.fa,d__Bacteria;p__Actinobacteriota;c__Actinobacteria;o__Actinomycetales;f__Dermatophilaceae;g__Phycicoccus;s__
Hjor_18-Q3-R7-51_BATAC.29.fa,d__Bacteria;p__Actinobacteriota;c__Actinobacteria;o__Actinomycetales;f__Dermatophilaceae;g__Phycicoccus;s__Phycicoccus
Aved_18-Q3-R54-62_MAXAC.378.fa,d__Bacteria;p__Actinobacteriota;c__Actinobacteria;o__Actinomycetales;f__Dermatophilaceae;g__Tetrasphaera_A;s__
Aved_18-Q3-R54-62_MAXAC.248_sub.fa,d__Bacteria;p__Actinobacteriota;c__Actinobacteria;o__Actinomycetales;f__Kineosporiaceae;g__;s__
EsbW_18-Q3-R4-48_BAT3C.288.fa,d__Bacteria;p__Actinobacteriota;c__Actinobacteria;o__Actinomycetales;f__Kineosporiaceae;g__;s__
Fred_18-Q3-R57-64_BATAC.480.fa,d__Bacteria;p__Actinobacteriota;c__Actinobacteria;o__Actinomycetales;f__Kineosporiaceae;g__;s__
Aved_18-Q3-R54-62_BATAC.616.fa,d__Bacteria;p__Actinobacteriota;c__Actinobacteria;o__Nanopelagicales;f__GCA-2699445;g__;s__
Ribe_18-Q3-R11-54_BATAC.412.fa,d__Bacteria;p__Actinobacteriota;c__Actinobacteria;o__Nanopelagicales;f__S36-B12;g__UBA10649;s__
Mari_18-Q3-R65-66_BATAC.348.fa,d__Bacteria;p__Actinobacteriota;c__Actinobacteria;o__Nanopelagicales;f__UBA10799;g__;s__
Ribe_18-Q3-R11-54_BAT3C.101.fa,d__Bacteria;p__Actinobacteriota;c__Actinobacteria;o__Propionibacteriales;f__Propionibacteriaceae;g__;s__
Hirt_18-Q3-R61-65_BAT3C.279.fa,d__Bacteria;p__Actinobacteriota;c__Actinobacteria;o__Propionibacteriales;f__Propionibacteriaceae;g__Micropruina;s__
Hirt_18-Q3-R61-65_BAT3C.320.fa,d__Bacteria;p__Actinobacteriota;c__Actinobacteria;o__Propionibacteriales;f__Propionibacteriaceae;g__Micropruina;s__
Hjor_18-Q3-R7-51_MAXAC.115.fa,d__Bacteria;p__Actinobacteriota;c__Actinobacteria;o__Propionibacteriales;f__Propionibacteriaceae;g__Micropruina;s__
Hirt_18-Q3-R61-65_BAT3C.167.fa,d__Bacteria;p__Actinobacteriota;c__Actinobacteria;o__Propionibacteriales;f__Propionibacteriaceae;g__Nigerium;s__
EsbW_18-Q3-R4-48_MAXAC.167_sub.fa,d__Bacteria;p__Actinobacteriota;c__Actinobacteria;o__Propionibacteriales;f__Propionibacteriaceae;g__Tessaracoccus;s__
OdNE_18-Q3-R46-58_MAXAC.036.fa,d__Bacteria;p__Bacteroidota;c__Bacteroidia;o__;f__;g__;s__
Skiv_18-Q3-R9-52_BAT3C.112.fa,d__Bacteria;p__Bacteroidota;c__Bacteroidia;o__;f__;g__;s__
AalE_18-Q3-R2-46_MAXAC.103.fa,d__Bacteria;p__Bacteroidota;c__Bacteroidia;o__AKYH767-A;f__2013-40CM-41-45;g__;s__
AalW_18-Q3-R10-53_BAT3C.196.fa,d__Bacteria;p__Bacteroidota;c__Bacteroidia;o__AKYH767-A;f__2013-40CM-41-45;g__;s__
Aved_18-Q3-R54-62_MAXAC.153.fa,d__Bacteria;p__Bacteroidota;c__Bacteroidia;o__AKYH767-A;f__2013-40CM-41-45;g__;s__
Bjer_18-Q3-R1-45_BATAC.43.fa,d__Bacteria;p__Bacteroidota;c__Bacteroidia;o__AKYH767-A;f__2013-40CM-41-45;g__;s__
Ega_18-Q3-R5-49_BATAC.486.fa,d__Bacteria;p__Bacteroidota;c__Bacteroidia;o__AKYH767-A;f__2013-40CM-41-45;g__;s__
EsbE_18-Q3-R3-47_BAT3C.118.fa,d__Bacteria;p__Bacteroidota;c__Bacteroidia;o__AKYH767-A;f__2013-40CM-41-45;g__;s__
EsbW_18-Q3-R4-48_MAXAC.253.fa,d__Bacteria;p__Bacteroidota;c__Bacteroidia;o__AKYH767-A;f__2013-40CM-41-45;g__;s__
Fred_18-Q3-R57-64_BAT3C.606.fa,d__Bacteria;p__Bacteroidota;c__Bacteroidia;o__AKYH767-A;f__2013-40CM-41-45;g__;s__
Hade_18-Q3-R52-61_MAXAC.102.fa,d__Bacteria;p__Bacteroidota;c__Bacteroidia;o__AKYH767-A;f__2013-40CM-41-45;g__;s__
Mari_18-Q3-R65-66_MAXAC.086.fa,d__Bacteria;p__Bacteroidota;c__Bacteroidia;o__AKYH767-A;f__2013-40CM-41-45;g__;s__
OdNE_18-Q3-R46-58_BATAC.385_sub.fa,d__Bacteria;p__Bacteroidota;c__Bacteroidia;o__AKYH767-A;f__2013-40CM-41-45;g__;s__
OdNW_18-Q3-R42-56_MAXAC.127.fa,d__Bacteria;p__Bacteroidota;c__Bacteroidia;o__AKYH767-A;f__2013-40CM-41-45;g__;s__
Rand_18-Q3-R56-63_BAT3C.19.fa,d__Bacteria;p__Bacteroidota;c__Bacteroidia;o__AKYH767-A;f__2013-40CM-41-45;g__;s__
Skiv_18-Q3-R9-52_BAT3C.325.fa,d__Bacteria;p__Bacteroidota;c__Bacteroidia;o__AKYH767-A;f__2013-40CM-41-45;g__;s__
Skiv_18-Q3-R9-52_BATAC.251.fa,d__Bacteria;p__Bacteroidota;c__Bacteroidia;o__AKYH767-A;f__2013-40CM-41-45;g__;s__
Skiv_18-Q3-R9-52_BATAC.703.fa,d__Bacteria;p__Bacteroidota;c__Bacteroidia;o__AKYH767-A;f__2013-40CM-41-45;g__;s__
Vibo_18-Q3-R45-57_BATAC.209.fa,d__Bacteria;p__Bacteroidota;c__Bacteroidia;o__AKYH767-A;f__2013-40CM-41-45;g__;s__
Vibo_18-Q3-R45-57_MAXAC.083.fa,d__Bacteria;p__Bacteroidota;c__Bacteroidia;o__AKYH767-A;f__2013-40CM-41-45;g__;s__
Aved_18-Q3-R54-62_BAT3C.302.fa,d__Bacteria;p__Bacteroidota;c__Bacteroidia;o__AKYH767-A;f__OLB10;g__;s__
Ega_18-Q3-R5-49_MAXAC.075.fa,d__Bacteria;p__Bacteroidota;c__Bacteroidia;o__AKYH767-A;f__OLB10;g__;s__
EsbW_18-Q3-R4-48_BATAC.26.fa,d__Bacteria;p__Bacteroidota;c__Bacteroidia;o__AKYH767-A;f__OLB10;g__;s__
Fred_18-Q3-R57-64_BAT3C.256.fa,d__Bacteria;p__Bacteroidota;c__Bacteroidia;o__AKYH767-A;f__OLB10;g__;s__
Fred_18-Q3-R57-64_BAT3C.394.fa,d__Bacteria;p__Bacteroidota;c__Bacteroidia;o__AKYH767-A;f__OLB10;g__;s__
Fred_18-Q3-R57-64_BATAC.274.fa,d__Bacteria;p__Bacteroidota;c__Bacteroidia;o__AKYH767-A;f__OLB10;g__;s__
Fred_18-Q3-R57-64_BATAC.296.fa,d__Bacteria;p__Bacteroidota;c__Bacteroidia;o__AKYH767-A;f__OLB10;g__;s__
Hade_18-Q3-R52-61_MAXAC.088.fa,d__Bacteria;p__Bacteroidota;c__Bacteroidia;o__AKYH767-A;f__OLB10;g__;s__
Hirt_18-Q3-R61-65_MAXAC.063.fa,d__Bacteria;p__Bacteroidota;c__Bacteroidia;o__AKYH767-A;f__OLB10;g__;s__
Lyne_18-Q3-R50-59_BATAC.464.fa,d__Bacteria;p__Bacteroidota;c__Bacteroidia;o__AKYH767-A;f__OLB10;g__;s__
Lyne_18-Q3-R50-59_MAXAC.074.fa,d__Bacteria;p__Bacteroidota;c__Bacteroidia;o__AKYH767-A;f__OLB10;g__;s__
Mari_18-Q3-R65-66_BAT3C.187.fa,d__Bacteria;p__Bacteroidota;c__Bacteroidia;o__AKYH767-A;f__OLB10;g__;s__
Mari_18-Q3-R65-66_BATAC.401.fa,d__Bacteria;p__Bacteroidota;c__Bacteroidia;o__AKYH767-A;f__OLB10;g__;s__
OdNW_18-Q3-R42-56_BATAC.438.fa,d__Bacteria;p__Bacteroidota;c__Bacteroidia;o__AKYH767-A;f__OLB10;g__;s__
Rand_18-Q3-R56-63_BATAC.320.fa,d__Bacteria;p__Bacteroidota;c__Bacteroidia;o__AKYH767-A;f__OLB10;g__;s__
Ribe_18-Q3-R11-54_BAT3C.3.fa,d__Bacteria;p__Bacteroidota;c__Bacteroidia;o__AKYH767-A;f__OLB10;g__;s__
Skiv_18-Q3-R9-52_BAT3C.378.fa,d__Bacteria;p__Bacteroidota;c__Bacteroidia;o__AKYH767-A;f__OLB10;g__;s__
Skiv_18-Q3-R9-52_BAT3C.518.fa,d__Bacteria;p__Bacteroidota;c__Bacteroidia;o__AKYH767-A;f__OLB10;g__;s__
Skiv_18-Q3-R9-52_BATAC.354.fa,d__Bacteria;p__Bacteroidota;c__Bacteroidia;o__AKYH767-A;f__OLB10;g__;s__
Skiv_18-Q3-R9-52_MAXAC.287.fa,d__Bacteria;p__Bacteroidota;c__Bacteroidia;o__AKYH767-A;f__OLB10;g__;s__
Fred_18-Q3-R57-64_BAT3C.517.fa,d__Bacteria;p__Bacteroidota;c__Bacteroidia;o__AKYH767-A;f__OLB10;g__OLB10;s__
Damh_18-Q3-R51-60_MAXAC.126_sub.fa,d__Bacteria;p__Bacteroidota;c__Bacteroidia;o__AKYH767;f__2-12-FULL-35-15;g__;s__
Skiv_18-Q3-R9-52_MAXAC.125.fa,d__Bacteria;p__Bacteroidota;c__Bacteroidia;o__AKYH767;f__2-12-FULL-35-15;g__2-12-FULL-35-15;s__
AalW_18-Q3-R10-53_BATAC.545.fa,d__Bacteria;p__Bacteroidota;c__Bacteroidia;o__AKYH767;f__b-17BO;g__;s__
Aved_18-Q3-R54-62_MAXAC.142.fa,d__Bacteria;p__Bacteroidota;c__Bacteroidia;o__AKYH767;f__b-17BO;g__;s__
EsbE_18-Q3-R3-47_MAXAC.117_sub.fa,d__Bacteria;p__Bacteroidota;c__Bacteroidia;o__AKYH767;f__b-17BO;g__;s__
EsbW_18-Q3-R4-48_BATAC.389.fa,d__Bacteria;p__Bacteroidota;c__Bacteroidia;o__AKYH767;f__b-17BO;g__;s__
EsbW_18-Q3-R4-48_MAXAC.154.fa,d__Bacteria;p__Bacteroidota;c__Bacteroidia;o__AKYH767;f__b-17BO;g__;s__
Kalu_18-Q3-R12-55_MAXAC.082.fa,d__Bacteria;p__Bacteroidota;c__Bacteroidia;o__AKYH767;f__b-17BO;g__;s__
Bjer_18-Q3-R1-45_BATAC.331.fa,d__Bacteria;p__Bacteroidota;c__Bacteroidia;o__AKYH767;f__b-17BO;g__UBA4416;s__
Hade_18-Q3-R52-61_BATAC.713.fa,d__Bacteria;p__Bacteroidota;c__Bacteroidia;o__AKYH767;f__b-17BO;g__UBA4416;s__
OdNE_18-Q3-R46-58_MAXAC.070.fa,d__Bacteria;p__Bacteroidota;c__Bacteroidia;o__AKYH767;f__UBA4408;g__UBA4408;s__
Rand_18-Q3-R56-63_MAXAC.050.fa,d__Bacteria;p__Bacteroidota;c__Bacteroidia;o__AKYH767;f__UBA4408;g__UBA4408;s__
Skiv_18-Q3-R9-52_BAT3C.50.fa,d__Bacteria;p__Bacteroidota;c__Bacteroidia;o__AKYH767;f__UBA4408;g__UBA4408;s__
Skiv_18-Q3-R9-52_MAXAC.058.fa,d__Bacteria;p__Bacteroidota;c__Bacteroidia;o__AKYH767;f__UBA4408;g__UBA4408;s__
AalE_18-Q3-R2-46_MAXAC.082.fa,d__Bacteria;p__Bacteroidota;c__Bacteroidia;o__Chitinophagales;f__Chitinophagaceae;g__Ferruginibacter;s__
Aved_18-Q3-R54-62_BAT3C.258_sub.fa,d__Bacteria;p__Bacteroidota;c__Bacteroidia;o__Chitinophagales;f__Chitinophagaceae;g__Ferruginibacter;s__
Damh_18-Q3-R51-60_BAT3C.395.fa,d__Bacteria;p__Bacteroidota;c__Bacteroidia;o__Chitinophagales;f__Chitinophagaceae;g__Ferruginibacter;s__
Ejby_18-Q3-R6-50_MAXAC.157.fa,d__Bacteria;p__Bacteroidota;c__Bacteroidia;o__Chitinophagales;f__Chitinophagaceae;g__Ferruginibacter;s__
EsbE_18-Q3-R3-47_BAT3C.162.fa,d__Bacteria;p__Bacteroidota;c__Bacteroidia;o__Chitinophagales;f__Chitinophagaceae;g__Ferruginibacter;s__
EsbE_18-Q3-R3-47_MAXAC.055.fa,d__Bacteria;p__Bacteroidota;c__Bacteroidia;o__Chitinophagales;f__Chitinophagaceae;g__Ferruginibacter;s__
EsbE_18-Q3-R3-47_MAXAC.191.fa,d__Bacteria;p__Bacteroidota;c__Bacteroidia;o__Chitinophagales;f__Chitinophagaceae;g__Ferruginibacter;s__
Fred_18-Q3-R57-64_BAT3C.305.fa,d__Bacteria;p__Bacteroidota;c__Bacteroidia;o__Chitinophagales;f__Chitinophagaceae;g__Ferruginibacter;s__
Hirt_18-Q3-R61-65_BAT3C.594.fa,d__Bacteria;p__Bacteroidota;c__Bacteroidia;o__Chitinophagales;f__Chitinophagaceae;g__Ferruginibacter;s__
Hirt_18-Q3-R61-65_BATAC.207.fa,d__Bacteria;p__Bacteroidota;c__Bacteroidia;o__Chitinophagales;f__Chitinophagaceae;g__Ferruginibacter;s__
Hirt_18-Q3-R61-65_MAXAC.324_sub.fa,d__Bacteria;p__Bacteroidota;c__Bacteroidia;o__Chitinophagales;f__Chitinophagaceae;g__Ferruginibacter;s__
Hjor_18-Q3-R7-51_BATAC.166.fa,d__Bacteria;p__Bacteroidota;c__Bacteroidia;o__Chitinophagales;f__Chitinophagaceae;g__Ferruginibacter;s__
Mari_18-Q3-R65-66_BAT3C.374.fa,d__Bacteria;p__Bacteroidota;c__Bacteroidia;o__Chitinophagales;f__Chitinophagaceae;g__Ferruginibacter;s__
OdNE_18-Q3-R46-58_MAXAC.077.fa,d__Bacteria;p__Bacteroidota;c__Bacteroidia;o__Chitinophagales;f__Chitinophagaceae;g__Ferruginibacter;s__
OdNW_18-Q3-R42-56_MAXAC.195.fa,d__Bacteria;p__Bacteroidota;c__Bacteroidia;o__Chitinophagales;f__Chitinophagaceae;g__Ferruginibacter;s__
Skiv_18-Q3-R9-52_BAT3C.489.fa,d__Bacteria;p__Bacteroidota;c__Bacteroidia;o__Chitinophagales;f__Chitinophagaceae;g__Ferruginibacter;s__
Skiv_18-Q3-R9-52_BATAC.474.fa,d__Bacteria;p__Bacteroidota;c__Bacteroidia;o__Chitinophagales;f__Chitinophagaceae;g__Ferruginibacter;s__
Skiv_18-Q3-R9-52_MAXAC.311.fa,d__Bacteria;p__Bacteroidota;c__Bacteroidia;o__Chitinophagales;f__Chitinophagaceae;g__Ferruginibacter;s__
Vibo_18-Q3-R45-57_BAT3C.70.fa,d__Bacteria;p__Bacteroidota;c__Bacteroidia;o__Chitinophagales;f__Chitinophagaceae;g__Ferruginibacter;s__
Vibo_18-Q3-R45-57_BATAC.460.fa,d__Bacteria;p__Bacteroidota;c__Bacteroidia;o__Chitinophagales;f__Chitinophagaceae;g__Ferruginibacter;s__
AalW_18-Q3-R10-53_MAXAC.364.fa,d__Bacteria;p__Bacteroidota;c__Bacteroidia;o__Chitinophagales;f__Chitinophagaceae;g__Ferruginibacter;s__Ferruginibacter
Bjer_18-Q3-R1-45_MAXAC.202.fa,d__Bacteria;p__Bacteroidota;c__Bacteroidia;o__Chitinophagales;f__Chitinophagaceae;g__Ferruginibacter;s__Ferruginibacter
Ejby_18-Q3-R6-50_BAT3C.370.fa,d__Bacteria;p__Bacteroidota;c__Bacteroidia;o__Chitinophagales;f__Chitinophagaceae;g__Ferruginibacter;s__Ferruginibacter
EsbE_18-Q3-R3-47_MAXAC.166.fa,d__Bacteria;p__Bacteroidota;c__Bacteroidia;o__Chitinophagales;f__Chitinophagaceae;g__Ferruginibacter;s__Ferruginibacter
Hjor_18-Q3-R7-51_MAXAC.114.fa,d__Bacteria;p__Bacteroidota;c__Bacteroidia;o__Chitinophagales;f__Chitinophagaceae;g__Ferruginibacter;s__Ferruginibacter
Lyne_18-Q3-R50-59_BAT3C.266.fa,d__Bacteria;p__Bacteroidota;c__Bacteroidia;o__Chitinophagales;f__Chitinophagaceae;g__Ferruginibacter;s__Ferruginibacter
Rand_18-Q3-R56-63_BAT3C.147_cln.fa,d__Bacteria;p__Bacteroidota;c__Bacteroidia;o__Chitinophagales;f__Chitinophagaceae;g__Ferruginibacter;s__Ferruginibacter
Ribe_18-Q3-R11-54_MAXAC.199.fa,d__Bacteria;p__Bacteroidota;c__Bacteroidia;o__Chitinophagales;f__Chitinophagaceae;g__Ferruginibacter;s__Ferruginibacter
Viby_18-Q3-R106-67_MAXAC.156.fa,d__Bacteria;p__Bacteroidota;c__Bacteroidia;o__Chitinophagales;f__Chitinophagaceae;g__Ferruginibacter;s__Ferruginibacter
AalE_18-Q3-R2-46_MAXAC.039.fa,d__Bacteria;p__Bacteroidota;c__Bacteroidia;o__Chitinophagales;f__Chitinophagaceae;g__JJ008;s__
Aved_18-Q3-R54-62_MAXAC.105.fa,d__Bacteria;p__Bacteroidota;c__Bacteroidia;o__Chitinophagales;f__Chitinophagaceae;g__JJ008;s__
Bjer_18-Q3-R1-45_BAT3C.2.fa,d__Bacteria;p__Bacteroidota;c__Bacteroidia;o__Chitinophagales;f__Chitinophagaceae;g__JJ008;s__
Bjer_18-Q3-R1-45_BATAC.444.fa,d__Bacteria;p__Bacteroidota;c__Bacteroidia;o__Chitinophagales;f__Chitinophagaceae;g__JJ008;s__
EsbE_18-Q3-R3-47_BAT3C.200.fa,d__Bacteria;p__Bacteroidota;c__Bacteroidia;o__Chitinophagales;f__Chitinophagaceae;g__JJ008;s__
EsbE_18-Q3-R3-47_BATAC.289.fa,d__Bacteria;p__Bacteroidota;c__Bacteroidia;o__Chitinophagales;f__Chitinophagaceae;g__JJ008;s__
EsbW_18-Q3-R4-48_BATAC.313.fa,d__Bacteria;p__Bacteroidota;c__Bacteroidia;o__Chitinophagales;f__Chitinophagaceae;g__JJ008;s__
Fred_18-Q3-R57-64_MAXAC.248.fa,d__Bacteria;p__Bacteroidota;c__Bacteroidia;o__Chitinophagales;f__Chitinophagaceae;g__JJ008;s__
Hade_18-Q3-R52-61_BAT3C.212.fa,d__Bacteria;p__Bacteroidota;c__Bacteroidia;o__Chitinophagales;f__Chitinophagaceae;g__JJ008;s__
Hade_18-Q3-R52-61_BATAC.34.fa,d__Bacteria;p__Bacteroidota;c__Bacteroidia;o__Chitinophagales;f__Chitinophagaceae;g__JJ008;s__
Lyne_18-Q3-R50-59_BATAC.274.fa,d__Bacteria;p__Bacteroidota;c__Bacteroidia;o__Chitinophagales;f__Chitinophagaceae;g__JJ008;s__
Mari_18-Q3-R65-66_BAT3C.296.fa,d__Bacteria;p__Bacteroidota;c__Bacteroidia;o__Chitinophagales;f__Chitinophagaceae;g__JJ008;s__
Mari_18-Q3-R65-66_MAXAC.024.fa,d__Bacteria;p__Bacteroidota;c__Bacteroidia;o__Chitinophagales;f__Chitinophagaceae;g__JJ008;s__
OdNE_18-Q3-R46-58_BATAC.190.fa,d__Bacteria;p__Bacteroidota;c__Bacteroidia;o__Chitinophagales;f__Chitinophagaceae;g__JJ008;s__
Rand_18-Q3-R56-63_BAT3C.301.fa,d__Bacteria;p__Bacteroidota;c__Bacteroidia;o__Chitinophagales;f__Chitinophagaceae;g__JJ008;s__
Rand_18-Q3-R56-63_MAXAC.026.fa,d__Bacteria;p__Bacteroidota;c__Bacteroidia;o__Chitinophagales;f__Chitinophagaceae;g__JJ008;s__
Ribe_18-Q3-R11-54_MAXAC.016.fa,d__Bacteria;p__Bacteroidota;c__Bacteroidia;o__Chitinophagales;f__Chitinophagaceae;g__JJ008;s__
Skiv_18-Q3-R9-52_BATAC.284.fa,d__Bacteria;p__Bacteroidota;c__Bacteroidia;o__Chitinophagales;f__Chitinophagaceae;g__JJ008;s__
Skiv_18-Q3-R9-52_BATAC.296.fa,d__Bacteria;p__Bacteroidota;c__Bacteroidia;o__Chitinophagales;f__Chitinophagaceae;g__JJ008;s__
Skiv_18-Q3-R9-52_MAXAC.329.fa,d__Bacteria;p__Bacteroidota;c__Bacteroidia;o__Chitinophagales;f__Chitinophagaceae;g__JJ008;s__
Vibo_18-Q3-R45-57_BATAC.411.fa,d__Bacteria;p__Bacteroidota;c__Bacteroidia;o__Chitinophagales;f__Chitinophagaceae;g__JJ008;s__
Vibo_18-Q3-R45-57_MAXAC.049.fa,d__Bacteria;p__Bacteroidota;c__Bacteroidia;o__Chitinophagales;f__Chitinophagaceae;g__JJ008;s__
Vibo_18-Q3-R45-57_MAXAC.177.fa,d__Bacteria;p__Bacteroidota;c__Bacteroidia;o__Chitinophagales;f__Chitinophagaceae;g__JJ008;s__
Vibo_18-Q3-R45-57_MAXAC.200.fa,d__Bacteria;p__Bacteroidota;c__Bacteroidia;o__Chitinophagales;f__Chitinophagaceae;g__JJ008;s__
Viby_18-Q3-R106-67_MAXAC.144.fa,d__Bacteria;p__Bacteroidota;c__Bacteroidia;o__Chitinophagales;f__Chitinophagaceae;g__JJ008;s__
Bjer_18-Q3-R1-45_MAXAC.222.fa,d__Bacteria;p__Bacteroidota;c__Bacteroidia;o__Chitinophagales;f__Chitinophagaceae;g__Niabella;s__
AalE_18-Q3-R2-46_BATAC.574.fa,d__Bacteria;p__Bacteroidota;c__Bacteroidia;o__Chitinophagales;f__Chitinophagaceae;g__OLB11;s__
Aved_18-Q3-R54-62_MAXAC.090.fa,d__Bacteria;p__Bacteroidota;c__Bacteroidia;o__Chitinophagales;f__Chitinophagaceae;g__OLB11;s__
Bjer_18-Q3-R1-45_MAXAC.065.fa,d__Bacteria;p__Bacteroidota;c__Bacteroidia;o__Chitinophagales;f__Chitinophagaceae;g__OLB11;s__
Ega_18-Q3-R5-49_MAXAC.074.fa,d__Bacteria;p__Bacteroidota;c__Bacteroidia;o__Chitinophagales;f__Chitinophagaceae;g__OLB11;s__
Ejby_18-Q3-R6-50_BATAC.314.fa,d__Bacteria;p__Bacteroidota;c__Bacteroidia;o__Chitinophagales;f__Chitinophagaceae;g__OLB11;s__
EsbW_18-Q3-R4-48_BATAC.355.fa,d__Bacteria;p__Bacteroidota;c__Bacteroidia;o__Chitinophagales;f__Chitinophagaceae;g__OLB11;s__
Fred_18-Q3-R57-64_MAXAC.283_sub.fa,d__Bacteria;p__Bacteroidota;c__Bacteroidia;o__Chitinophagales;f__Chitinophagaceae;g__OLB11;s__
Hade_18-Q3-R52-61_BATAC.692.fa,d__Bacteria;p__Bacteroidota;c__Bacteroidia;o__Chitinophagales;f__Chitinophagaceae;g__OLB11;s__
Lyne_18-Q3-R50-59_MAXAC.083.fa,d__Bacteria;p__Bacteroidota;c__Bacteroidia;o__Chitinophagales;f__Chitinophagaceae;g__OLB11;s__
Lyne_18-Q3-R50-59_MAXAC.310.fa,d__Bacteria;p__Bacteroidota;c__Bacteroidia;o__Chitinophagales;f__Chitinophagaceae;g__OLB11;s__
OdNE_18-Q3-R46-58_MAXAC.085.fa,d__Bacteria;p__Bacteroidota;c__Bacteroidia;o__Chitinophagales;f__Chitinophagaceae;g__OLB11;s__
Fred_18-Q3-R57-64_BATAC.715.fa,d__Bacteria;p__Bacteroidota;c__Bacteroidia;o__Chitinophagales;f__Chitinophagaceae;g__UBA1931;s__
Vibo_18-Q3-R45-57_BAT3C.204_sub.fa,d__Bacteria;p__Bacteroidota;c__Bacteroidia;o__Chitinophagales;f__Chitinophagaceae;g__UBA3961;s__
AalE_18-Q3-R2-46_BATAC.147.fa,d__Bacteria;p__Bacteroidota;c__Bacteroidia;o__Chitinophagales;f__Saprospiraceae;g__;s__
AalE_18-Q3-R2-46_MAXAC.064.fa,d__Bacteria;p__Bacteroidota;c__Bacteroidia;o__Chitinophagales;f__Saprospiraceae;g__;s__
AalW_18-Q3-R10-53_BATAC.11.fa,d__Bacteria;p__Bacteroidota;c__Bacteroidia;o__Chitinophagales;f__Saprospiraceae;g__;s__
AalW_18-Q3-R10-53_MAXAC.054.fa,d__Bacteria;p__Bacteroidota;c__Bacteroidia;o__Chitinophagales;f__Saprospiraceae;g__;s__
AalW_18-Q3-R10-53_MAXAC.392.fa,d__Bacteria;p__Bacteroidota;c__Bacteroidia;o__Chitinophagales;f__Saprospiraceae;g__;s__
Aved_18-Q3-R54-62_MAXAC.055.fa,d__Bacteria;p__Bacteroidota;c__Bacteroidia;o__Chitinophagales;f__Saprospiraceae;g__;s__
Aved_18-Q3-R54-62_MAXAC.067.fa,d__Bacteria;p__Bacteroidota;c__Bacteroidia;o__Chitinophagales;f__Saprospiraceae;g__;s__
Aved_18-Q3-R54-62_MAXAC.386.fa,d__Bacteria;p__Bacteroidota;c__Bacteroidia;o__Chitinophagales;f__Saprospiraceae;g__;s__
Aved_18-Q3-R54-62_MAXAC.439.fa,d__Bacteria;p__Bacteroidota;c__Bacteroidia;o__Chitinophagales;f__Saprospiraceae;g__;s__
Bjer_18-Q3-R1-45_BATAC.327.fa,d__Bacteria;p__Bacteroidota;c__Bacteroidia;o__Chitinophagales;f__Saprospiraceae;g__;s__
Bjer_18-Q3-R1-45_BATAC.496.fa,d__Bacteria;p__Bacteroidota;c__Bacteroidia;o__Chitinophagales;f__Saprospiraceae;g__;s__
Ega_18-Q3-R5-49_BAT3C.104.fa,d__Bacteria;p__Bacteroidota;c__Bacteroidia;o__Chitinophagales;f__Saprospiraceae;g__;s__
Ega_18-Q3-R5-49_MAXAC.048.fa,d__Bacteria;p__Bacteroidota;c__Bacteroidia;o__Chitinophagales;f__Saprospiraceae;g__;s__
Ejby_18-Q3-R6-50_MAXAC.047.fa,d__Bacteria;p__Bacteroidota;c__Bacteroidia;o__Chitinophagales;f__Saprospiraceae;g__;s__
Ejby_18-Q3-R6-50_MAXAC.240.fa,d__Bacteria;p__Bacteroidota;c__Bacteroidia;o__Chitinophagales;f__Saprospiraceae;g__;s__
EsbE_18-Q3-R3-47_BATAC.232.fa,d__Bacteria;p__Bacteroidota;c__Bacteroidia;o__Chitinophagales;f__Saprospiraceae;g__;s__
EsbE_18-Q3-R3-47_MAXAC.180.fa,d__Bacteria;p__Bacteroidota;c__Bacteroidia;o__Chitinophagales;f__Saprospiraceae;g__;s__
EsbW_18-Q3-R4-48_BAT3C.148.fa,d__Bacteria;p__Bacteroidota;c__Bacteroidia;o__Chitinophagales;f__Saprospiraceae;g__;s__
EsbW_18-Q3-R4-48_BAT3C.222.fa,d__Bacteria;p__Bacteroidota;c__Bacteroidia;o__Chitinophagales;f__Saprospiraceae;g__;s__
EsbW_18-Q3-R4-48_BATAC.523.fa,d__Bacteria;p__Bacteroidota;c__Bacteroidia;o__Chitinophagales;f__Saprospiraceae;g__;s__
EsbW_18-Q3-R4-48_MAXAC.076.fa,d__Bacteria;p__Bacteroidota;c__Bacteroidia;o__Chitinophagales;f__Saprospiraceae;g__;s__
Fred_18-Q3-R57-64_BAT3C.164.fa,d__Bacteria;p__Bacteroidota;c__Bacteroidia;o__Chitinophagales;f__Saprospiraceae;g__;s__
Fred_18-Q3-R57-64_BAT3C.308.fa,d__Bacteria;p__Bacteroidota;c__Bacteroidia;o__Chitinophagales;f__Saprospiraceae;g__;s__
Fred_18-Q3-R57-64_BATAC.512.fa,d__Bacteria;p__Bacteroidota;c__Bacteroidia;o__Chitinophagales;f__Saprospiraceae;g__;s__
Fred_18-Q3-R57-64_MAXAC.070.fa,d__Bacteria;p__Bacteroidota;c__Bacteroidia;o__Chitinophagales;f__Saprospiraceae;g__;s__
Fred_18-Q3-R57-64_MAXAC.370.fa,d__Bacteria;p__Bacteroidota;c__Bacteroidia;o__Chitinophagales;f__Saprospiraceae;g__;s__
Hade_18-Q3-R52-61_BAT3C.470.fa,d__Bacteria;p__Bacteroidota;c__Bacteroidia;o__Chitinophagales;f__Saprospiraceae;g__;s__
Hade_18-Q3-R52-61_MAXAC.064.fa,d__Bacteria;p__Bacteroidota;c__Bacteroidia;o__Chitinophagales;f__Saprospiraceae;g__;s__
Hade_18-Q3-R52-61_MAXAC.092.fa,d__Bacteria;p__Bacteroidota;c__Bacteroidia;o__Chitinophagales;f__Saprospiraceae;g__;s__
Hade_18-Q3-R52-61_MAXAC.228.fa,d__Bacteria;p__Bacteroidota;c__Bacteroidia;o__Chitinophagales;f__Saprospiraceae;g__;s__
Hirt_18-Q3-R61-65_BAT3C.449.fa,d__Bacteria;p__Bacteroidota;c__Bacteroidia;o__Chitinophagales;f__Saprospiraceae;g__;s__
Hirt_18-Q3-R61-65_BAT3C.578.fa,d__Bacteria;p__Bacteroidota;c__Bacteroidia;o__Chitinophagales;f__Saprospiraceae;g__;s__
Hirt_18-Q3-R61-65_BATAC.343.fa,d__Bacteria;p__Bacteroidota;c__Bacteroidia;o__Chitinophagales;f__Saprospiraceae;g__;s__
Hirt_18-Q3-R61-65_BATAC.511.fa,d__Bacteria;p__Bacteroidota;c__Bacteroidia;o__Chitinophagales;f__Saprospiraceae;g__;s__
Hirt_18-Q3-R61-65_BATAC.551.fa,d__Bacteria;p__Bacteroidota;c__Bacteroidia;o__Chitinophagales;f__Saprospiraceae;g__;s__
Hjor_18-Q3-R7-51_BAT3C.56.fa,d__Bacteria;p__Bacteroidota;c__Bacteroidia;o__Chitinophagales;f__Saprospiraceae;g__;s__
Hjor_18-Q3-R7-51_BATAC.116.fa,d__Bacteria;p__Bacteroidota;c__Bacteroidia;o__Chitinophagales;f__Saprospiraceae;g__;s__
Kalu_18-Q3-R12-55_BAT3C.288.fa,d__Bacteria;p__Bacteroidota;c__Bacteroidia;o__Chitinophagales;f__Saprospiraceae;g__;s__
Kalu_18-Q3-R12-55_BATAC.22.fa,d__Bacteria;p__Bacteroidota;c__Bacteroidia;o__Chitinophagales;f__Saprospiraceae;g__;s__
Kalu_18-Q3-R12-55_MAXAC.032.fa,d__Bacteria;p__Bacteroidota;c__Bacteroidia;o__Chitinophagales;f__Saprospiraceae;g__;s__
Lyne_18-Q3-R50-59_BATAC.172.fa,d__Bacteria;p__Bacteroidota;c__Bacteroidia;o__Chitinophagales;f__Saprospiraceae;g__;s__
Lyne_18-Q3-R50-59_BATAC.66.fa,d__Bacteria;p__Bacteroidota;c__Bacteroidia;o__Chitinophagales;f__Saprospiraceae;g__;s__
Lyne_18-Q3-R50-59_MAXAC.052.fa,d__Bacteria;p__Bacteroidota;c__Bacteroidia;o__Chitinophagales;f__Saprospiraceae;g__;s__
Lyne_18-Q3-R50-59_MAXAC.326.fa,d__Bacteria;p__Bacteroidota;c__Bacteroidia;o__Chitinophagales;f__Saprospiraceae;g__;s__
Lyne_18-Q3-R50-59_MAXAC.376.fa,d__Bacteria;p__Bacteroidota;c__Bacteroidia;o__Chitinophagales;f__Saprospiraceae;g__;s__
Mari_18-Q3-R65-66_BATAC.305.fa,d__Bacteria;p__Bacteroidota;c__Bacteroidia;o__Chitinophagales;f__Saprospiraceae;g__;s__
Mari_18-Q3-R65-66_MAXAC.061.fa,d__Bacteria;p__Bacteroidota;c__Bacteroidia;o__Chitinophagales;f__Saprospiraceae;g__;s__
OdNE_18-Q3-R46-58_BAT3C.195.fa,d__Bacteria;p__Bacteroidota;c__Bacteroidia;o__Chitinophagales;f__Saprospiraceae;g__;s__
OdNE_18-Q3-R46-58_BAT3C.201.fa,d__Bacteria;p__Bacteroidota;c__Bacteroidia;o__Chitinophagales;f__Saprospiraceae;g__;s__
OdNE_18-Q3-R46-58_BAT3C.84.fa,d__Bacteria;p__Bacteroidota;c__Bacteroidia;o__Chitinophagales;f__Saprospiraceae;g__;s__
OdNE_18-Q3-R46-58_MAXAC.056.fa,d__Bacteria;p__Bacteroidota;c__Bacteroidia;o__Chitinophagales;f__Saprospiraceae;g__;s__
OdNW_18-Q3-R42-56_BAT3C.227.fa,d__Bacteria;p__Bacteroidota;c__Bacteroidia;o__Chitinophagales;f__Saprospiraceae;g__;s__
OdNW_18-Q3-R42-56_BATAC.410.fa,d__Bacteria;p__Bacteroidota;c__Bacteroidia;o__Chitinophagales;f__Saprospiraceae;g__;s__
Rand_18-Q3-R56-63_BATAC.6.fa,d__Bacteria;p__Bacteroidota;c__Bacteroidia;o__Chitinophagales;f__Saprospiraceae;g__;s__
Rand_18-Q3-R56-63_MAXAC.049.fa,d__Bacteria;p__Bacteroidota;c__Bacteroidia;o__Chitinophagales;f__Saprospiraceae;g__;s__
Ribe_18-Q3-R11-54_MAXAC.036.fa,d__Bacteria;p__Bacteroidota;c__Bacteroidia;o__Chitinophagales;f__Saprospiraceae;g__;s__
Ribe_18-Q3-R11-54_MAXAC.273.fa,d__Bacteria;p__Bacteroidota;c__Bacteroidia;o__Chitinophagales;f__Saprospiraceae;g__;s__
Skiv_18-Q3-R9-52_BAT3C.266.fa,d__Bacteria;p__Bacteroidota;c__Bacteroidia;o__Chitinophagales;f__Saprospiraceae;g__;s__
Skiv_18-Q3-R9-52_BATAC.232.fa,d__Bacteria;p__Bacteroidota;c__Bacteroidia;o__Chitinophagales;f__Saprospiraceae;g__;s__
Skiv_18-Q3-R9-52_BATAC.294.fa,d__Bacteria;p__Bacteroidota;c__Bacteroidia;o__Chitinophagales;f__Saprospiraceae;g__;s__
Vibo_18-Q3-R45-57_MAXAC.086_sub.fa,d__Bacteria;p__Bacteroidota;c__Bacteroidia;o__Chitinophagales;f__Saprospiraceae;g__;s__
Viby_18-Q3-R106-67_BATAC.284.fa,d__Bacteria;p__Bacteroidota;c__Bacteroidia;o__Chitinophagales;f__Saprospiraceae;g__;s__
Bjer_18-Q3-R1-45_BAT3C.170.fa,d__Bacteria;p__Bacteroidota;c__Bacteroidia;o__Chitinophagales;f__Saprospiraceae;g__Haliscomenobacter;s__
Ega_18-Q3-R5-49_BATAC.545.fa,d__Bacteria;p__Bacteroidota;c__Bacteroidia;o__Chitinophagales;f__Saprospiraceae;g__Haliscomenobacter;s__
Fred_18-Q3-R57-64_BATAC.439.fa,d__Bacteria;p__Bacteroidota;c__Bacteroidia;o__Chitinophagales;f__Saprospiraceae;g__Haliscomenobacter;s__
Lyne_18-Q3-R50-59_MAXAC.221.fa,d__Bacteria;p__Bacteroidota;c__Bacteroidia;o__Chitinophagales;f__Saprospiraceae;g__Haliscomenobacter;s__
OdNE_18-Q3-R46-58_BAT3C.223.fa,d__Bacteria;p__Bacteroidota;c__Bacteroidia;o__Chitinophagales;f__Saprospiraceae;g__Haliscomenobacter;s__
OdNE_18-Q3-R46-58_MAXAC.223.fa,d__Bacteria;p__Bacteroidota;c__Bacteroidia;o__Chitinophagales;f__Saprospiraceae;g__Haliscomenobacter;s__
AalE_18-Q3-R2-46_MAXAC.020.fa,d__Bacteria;p__Bacteroidota;c__Bacteroidia;o__Chitinophagales;f__Saprospiraceae;g__OLB8;s__
AalW_18-Q3-R10-53_BAT3C.64.fa,d__Bacteria;p__Bacteroidota;c__Bacteroidia;o__Chitinophagales;f__Saprospiraceae;g__OLB8;s__
Ega_18-Q3-R5-49_MAXAC.016.fa,d__Bacteria;p__Bacteroidota;c__Bacteroidia;o__Chitinophagales;f__Saprospiraceae;g__OLB8;s__
Hade_18-Q3-R52-61_MAXAC.021.fa,d__Bacteria;p__Bacteroidota;c__Bacteroidia;o__Chitinophagales;f__Saprospiraceae;g__OLB8;s__
Hirt_18-Q3-R61-65_MAXAC.013.fa,d__Bacteria;p__Bacteroidota;c__Bacteroidia;o__Chitinophagales;f__Saprospiraceae;g__OLB8;s__
Hjor_18-Q3-R7-51_MAXAC.008.fa,d__Bacteria;p__Bacteroidota;c__Bacteroidia;o__Chitinophagales;f__Saprospiraceae;g__OLB8;s__
Mari_18-Q3-R65-66_MAXAC.015.fa,d__Bacteria;p__Bacteroidota;c__Bacteroidia;o__Chitinophagales;f__Saprospiraceae;g__OLB8;s__
OdNE_18-Q3-R46-58_BATAC.381_sub.fa,d__Bacteria;p__Bacteroidota;c__Bacteroidia;o__Chitinophagales;f__Saprospiraceae;g__OLB8;s__
OdNW_18-Q3-R42-56_MAXAC.016.fa,d__Bacteria;p__Bacteroidota;c__Bacteroidia;o__Chitinophagales;f__Saprospiraceae;g__OLB8;s__
Rand_18-Q3-R56-63_BAT3C.136.fa,d__Bacteria;p__Bacteroidota;c__Bacteroidia;o__Chitinophagales;f__Saprospiraceae;g__OLB8;s__
Vibo_18-Q3-R45-57_BATAC.233.fa,d__Bacteria;p__Bacteroidota;c__Bacteroidia;o__Chitinophagales;f__Saprospiraceae;g__OLB8;s__
Ejby_18-Q3-R6-50_BATAC.240.fa,d__Bacteria;p__Bacteroidota;c__Bacteroidia;o__Chitinophagales;f__Saprospiraceae;g__OLB8;s__OLB8
AalW_18-Q3-R10-53_BATAC.324.fa,d__Bacteria;p__Bacteroidota;c__Bacteroidia;o__Chitinophagales;f__Saprospiraceae;g__OLB9;s__
Aved_18-Q3-R54-62_BAT3C.695.fa,d__Bacteria;p__Bacteroidota;c__Bacteroidia;o__Chitinophagales;f__Saprospiraceae;g__OLB9;s__
EsbW_18-Q3-R4-48_BAT3C.281.fa,d__Bacteria;p__Bacteroidota;c__Bacteroidia;o__Chitinophagales;f__Saprospiraceae;g__OLB9;s__
EsbW_18-Q3-R4-48_BATAC.476_sub.fa,d__Bacteria;p__Bacteroidota;c__Bacteroidia;o__Chitinophagales;f__Saprospiraceae;g__OLB9;s__
EsbW_18-Q3-R4-48_MAXAC.058_sub.fa,d__Bacteria;p__Bacteroidota;c__Bacteroidia;o__Chitinophagales;f__Saprospiraceae;g__OLB9;s__
Fred_18-Q3-R57-64_BATAC.80.fa,d__Bacteria;p__Bacteroidota;c__Bacteroidia;o__Chitinophagales;f__Saprospiraceae;g__OLB9;s__
Hade_18-Q3-R52-61_BATAC.500.fa,d__Bacteria;p__Bacteroidota;c__Bacteroidia;o__Chitinophagales;f__Saprospiraceae;g__OLB9;s__
Hirt_18-Q3-R61-65_BATAC.270.fa,d__Bacteria;p__Bacteroidota;c__Bacteroidia;o__Chitinophagales;f__Saprospiraceae;g__OLB9;s__
Mari_18-Q3-R65-66_BATAC.234_sub.fa,d__Bacteria;p__Bacteroidota;c__Bacteroidia;o__Chitinophagales;f__Saprospiraceae;g__OLB9;s__
OdNE_18-Q3-R46-58_BATAC.302.fa,d__Bacteria;p__Bacteroidota;c__Bacteroidia;o__Chitinophagales;f__Saprospiraceae;g__OLB9;s__
OdNE_18-Q3-R46-58_BATAC.404.fa,d__Bacteria;p__Bacteroidota;c__Bacteroidia;o__Chitinophagales;f__Saprospiraceae;g__OLB9;s__
OdNW_18-Q3-R42-56_BATAC.423.fa,d__Bacteria;p__Bacteroidota;c__Bacteroidia;o__Chitinophagales;f__Saprospiraceae;g__OLB9;s__
OdNW_18-Q3-R42-56_MAXAC.048.fa,d__Bacteria;p__Bacteroidota;c__Bacteroidia;o__Chitinophagales;f__Saprospiraceae;g__OLB9;s__
Rand_18-Q3-R56-63_BAT3C.184.fa,d__Bacteria;p__Bacteroidota;c__Bacteroidia;o__Chitinophagales;f__Saprospiraceae;g__OLB9;s__
Ribe_18-Q3-R11-54_BATAC.261.fa,d__Bacteria;p__Bacteroidota;c__Bacteroidia;o__Chitinophagales;f__Saprospiraceae;g__OLB9;s__
Ribe_18-Q3-R11-54_BATAC.507.fa,d__Bacteria;p__Bacteroidota;c__Bacteroidia;o__Chitinophagales;f__Saprospiraceae;g__OLB9;s__
Ribe_18-Q3-R11-54_BATAC.612.fa,d__Bacteria;p__Bacteroidota;c__Bacteroidia;o__Chitinophagales;f__Saprospiraceae;g__OLB9;s__
Skiv_18-Q3-R9-52_BATAC.484.fa,d__Bacteria;p__Bacteroidota;c__Bacteroidia;o__Chitinophagales;f__Saprospiraceae;g__OLB9;s__
Bjer_18-Q3-R1-45_MAXAC.214.fa,d__Bacteria;p__Bacteroidota;c__Bacteroidia;o__Chitinophagales;f__Saprospiraceae;g__UBA2365;s__
AalE_18-Q3-R2-46_BAT3C.229.fa,d__Bacteria;p__Bacteroidota;c__Bacteroidia;o__Chitinophagales;f__Saprospiraceae;g__UBA3362;s__
AalW_18-Q3-R10-53_BATAC.906.fa,d__Bacteria;p__Bacteroidota;c__Bacteroidia;o__Chitinophagales;f__Saprospiraceae;g__UBA3362;s__
AalW_18-Q3-R10-53_MAXAC.123.fa,d__Bacteria;p__Bacteroidota;c__Bacteroidia;o__Chitinophagales;f__Saprospiraceae;g__UBA3362;s__
Aved_18-Q3-R54-62_BATAC.266.fa,d__Bacteria;p__Bacteroidota;c__Bacteroidia;o__Chitinophagales;f__Saprospiraceae;g__UBA3362;s__
Aved_18-Q3-R54-62_MAXAC.112.fa,d__Bacteria;p__Bacteroidota;c__Bacteroidia;o__Chitinophagales;f__Saprospiraceae;g__UBA3362;s__
Aved_18-Q3-R54-62_MAXAC.265.fa,d__Bacteria;p__Bacteroidota;c__Bacteroidia;o__Chitinophagales;f__Saprospiraceae;g__UBA3362;s__
Damh_18-Q3-R51-60_MAXAC.246.fa,d__Bacteria;p__Bacteroidota;c__Bacteroidia;o__Chitinophagales;f__Saprospiraceae;g__UBA3362;s__
Ega_18-Q3-R5-49_BAT3C.165_sub.fa,d__Bacteria;p__Bacteroidota;c__Bacteroidia;o__Chitinophagales;f__Saprospiraceae;g__UBA3362;s__
Ega_18-Q3-R5-49_BAT3C.215.fa,d__Bacteria;p__Bacteroidota;c__Bacteroidia;o__Chitinophagales;f__Saprospiraceae;g__UBA3362;s__
Ejby_18-Q3-R6-50_BAT3C.142_sub.fa,d__Bacteria;p__Bacteroidota;c__Bacteroidia;o__Chitinophagales;f__Saprospiraceae;g__UBA3362;s__
Ejby_18-Q3-R6-50_BATAC.272.fa,d__Bacteria;p__Bacteroidota;c__Bacteroidia;o__Chitinophagales;f__Saprospiraceae;g__UBA3362;s__
Ejby_18-Q3-R6-50_BATAC.463.fa,d__Bacteria;p__Bacteroidota;c__Bacteroidia;o__Chitinophagales;f__Saprospiraceae;g__UBA3362;s__
EsbE_18-Q3-R3-47_MAXAC.073.fa,d__Bacteria;p__Bacteroidota;c__Bacteroidia;o__Chitinophagales;f__Saprospiraceae;g__UBA3362;s__
EsbE_18-Q3-R3-47_MAXAC.154.fa,d__Bacteria;p__Bacteroidota;c__Bacteroidia;o__Chitinophagales;f__Saprospiraceae;g__UBA3362;s__
EsbE_18-Q3-R3-47_MAXAC.169.fa,d__Bacteria;p__Bacteroidota;c__Bacteroidia;o__Chitinophagales;f__Saprospiraceae;g__UBA3362;s__
EsbW_18-Q3-R4-48_MAXAC.007.fa,d__Bacteria;p__Bacteroidota;c__Bacteroidia;o__Chitinophagales;f__Saprospiraceae;g__UBA3362;s__
EsbW_18-Q3-R4-48_MAXAC.074.fa,d__Bacteria;p__Bacteroidota;c__Bacteroidia;o__Chitinophagales;f__Saprospiraceae;g__UBA3362;s__
EsbW_18-Q3-R4-48_MAXAC.238.fa,d__Bacteria;p__Bacteroidota;c__Bacteroidia;o__Chitinophagales;f__Saprospiraceae;g__UBA3362;s__
Fred_18-Q3-R57-64_BAT3C.3.fa,d__Bacteria;p__Bacteroidota;c__Bacteroidia;o__Chitinophagales;f__Saprospiraceae;g__UBA3362;s__
Fred_18-Q3-R57-64_BAT3C.331.fa,d__Bacteria;p__Bacteroidota;c__Bacteroidia;o__Chitinophagales;f__Saprospiraceae;g__UBA3362;s__
Fred_18-Q3-R57-64_MAXAC.280.fa,d__Bacteria;p__Bacteroidota;c__Bacteroidia;o__Chitinophagales;f__Saprospiraceae;g__UBA3362;s__
Hade_18-Q3-R52-61_BAT3C.141.fa,d__Bacteria;p__Bacteroidota;c__Bacteroidia;o__Chitinophagales;f__Saprospiraceae;g__UBA3362;s__
Hade_18-Q3-R52-61_BAT3C.248.fa,d__Bacteria;p__Bacteroidota;c__Bacteroidia;o__Chitinophagales;f__Saprospiraceae;g__UBA3362;s__
Hade_18-Q3-R52-61_MAXAC.112.fa,d__Bacteria;p__Bacteroidota;c__Bacteroidia;o__Chitinophagales;f__Saprospiraceae;g__UBA3362;s__
Hade_18-Q3-R52-61_MAXAC.344.fa,d__Bacteria;p__Bacteroidota;c__Bacteroidia;o__Chitinophagales;f__Saprospiraceae;g__UBA3362;s__
Hirt_18-Q3-R61-65_BAT3C.307.fa,d__Bacteria;p__Bacteroidota;c__Bacteroidia;o__Chitinophagales;f__Saprospiraceae;g__UBA3362;s__
Hjor_18-Q3-R7-51_BATAC.198.fa,d__Bacteria;p__Bacteroidota;c__Bacteroidia;o__Chitinophagales;f__Saprospiraceae;g__UBA3362;s__
Kalu_18-Q3-R12-55_BAT3C.8.fa,d__Bacteria;p__Bacteroidota;c__Bacteroidia;o__Chitinophagales;f__Saprospiraceae;g__UBA3362;s__
Kalu_18-Q3-R12-55_MAXAC.076.fa,d__Bacteria;p__Bacteroidota;c__Bacteroidia;o__Chitinophagales;f__Saprospiraceae;g__UBA3362;s__
Lyne_18-Q3-R50-59_BATAC.346.fa,d__Bacteria;p__Bacteroidota;c__Bacteroidia;o__Chitinophagales;f__Saprospiraceae;g__UBA3362;s__
Lyne_18-Q3-R50-59_BATAC.473.fa,d__Bacteria;p__Bacteroidota;c__Bacteroidia;o__Chitinophagales;f__Saprospiraceae;g__UBA3362;s__
Lyne_18-Q3-R50-59_MAXAC.097.fa,d__Bacteria;p__Bacteroidota;c__Bacteroidia;o__Chitinophagales;f__Saprospiraceae;g__UBA3362;s__
OdNW_18-Q3-R42-56_BAT3C.339.fa,d__Bacteria;p__Bacteroidota;c__Bacteroidia;o__Chitinophagales;f__Saprospiraceae;g__UBA3362;s__
Rand_18-Q3-R56-63_BATAC.260.fa,d__Bacteria;p__Bacteroidota;c__Bacteroidia;o__Chitinophagales;f__Saprospiraceae;g__UBA3362;s__
Rand_18-Q3-R56-63_MAXAC.091.fa,d__Bacteria;p__Bacteroidota;c__Bacteroidia;o__Chitinophagales;f__Saprospiraceae;g__UBA3362;s__
Rand_18-Q3-R56-63_MAXAC.203.fa,d__Bacteria;p__Bacteroidota;c__Bacteroidia;o__Chitinophagales;f__Saprospiraceae;g__UBA3362;s__
Ribe_18-Q3-R11-54_BAT3C.373.fa,d__Bacteria;p__Bacteroidota;c__Bacteroidia;o__Chitinophagales;f__Saprospiraceae;g__UBA3362;s__
Ribe_18-Q3-R11-54_BAT3C.388.fa,d__Bacteria;p__Bacteroidota;c__Bacteroidia;o__Chitinophagales;f__Saprospiraceae;g__UBA3362;s__
Ribe_18-Q3-R11-54_MAXAC.005.fa,d__Bacteria;p__Bacteroidota;c__Bacteroidia;o__Chitinophagales;f__Saprospiraceae;g__UBA3362;s__
Ribe_18-Q3-R11-54_MAXAC.069.fa,d__Bacteria;p__Bacteroidota;c__Bacteroidia;o__Chitinophagales;f__Saprospiraceae;g__UBA3362;s__
Vibo_18-Q3-R45-57_MAXAC.073.fa,d__Bacteria;p__Bacteroidota;c__Bacteroidia;o__Chitinophagales;f__Saprospiraceae;g__UBA3362;s__
Viby_18-Q3-R106-67_BAT3C.196.fa,d__Bacteria;p__Bacteroidota;c__Bacteroidia;o__Chitinophagales;f__Saprospiraceae;g__UBA3362;s__
Lyne_18-Q3-R50-59_BATAC.195.fa,d__Bacteria;p__Bacteroidota;c__Bacteroidia;o__Chitinophagales;f__Saprospiraceae;g__UBA6168;s__
OdNE_18-Q3-R46-58_BAT3C.319.fa,d__Bacteria;p__Bacteroidota;c__Bacteroidia;o__Chitinophagales;f__Saprospiraceae;g__UBA6168;s__
EsbW_18-Q3-R4-48_BAT3C.7.fa,d__Bacteria;p__Bacteroidota;c__Bacteroidia;o__Cytophagales;f__Cyclobacteriaceae;g__ELB16-189;s__
Hade_18-Q3-R52-61_BATAC.180.fa,d__Bacteria;p__Bacteroidota;c__Bacteroidia;o__Cytophagales;f__Cyclobacteriaceae;g__ELB16-189;s__
Bjer_18-Q3-R1-45_BATAC.113.fa,d__Bacteria;p__Bacteroidota;c__Bacteroidia;o__Cytophagales;f__Spirosomaceae;g__Leadbetterella;s__
OdNE_18-Q3-R46-58_MAXAC.096.fa,d__Bacteria;p__Bacteroidota;c__Bacteroidia;o__Cytophagales;f__Spirosomaceae;g__Leadbetterella;s__
Ribe_18-Q3-R11-54_MAXAC.058.fa,d__Bacteria;p__Bacteroidota;c__Bacteroidia;o__Cytophagales;f__Spirosomaceae;g__Leadbetterella;s__
Skiv_18-Q3-R9-52_MAXAC.090.fa,d__Bacteria;p__Bacteroidota;c__Bacteroidia;o__Cytophagales;f__Spirosomaceae;g__Leadbetterella;s__
Viby_18-Q3-R106-67_MAXAC.070.fa,d__Bacteria;p__Bacteroidota;c__Bacteroidia;o__Cytophagales;f__Spirosomaceae;g__Leadbetterella;s__
OdNE_18-Q3-R46-58_BATAC.16.fa,d__Bacteria;p__Bacteroidota;c__Bacteroidia;o__Flavobacteriales;f__Flavobacteriaceae;g__Flavobacterium;s__
OdNW_18-Q3-R42-56_BATAC.385.fa,d__Bacteria;p__Bacteroidota;c__Bacteroidia;o__Flavobacteriales;f__Flavobacteriaceae;g__Flavobacterium;s__
Skiv_18-Q3-R9-52_BAT3C.440.fa,d__Bacteria;p__Bacteroidota;c__Bacteroidia;o__Flavobacteriales;f__Flavobacteriaceae;g__Flavobacterium;s__
Aved_18-Q3-R54-62_BATAC.249.fa,d__Bacteria;p__Bacteroidota;c__Ignavibacteria;o__Ignavibacteriales;f__Ignavibacteriaceae_A;g__UTCHB3;s__
Ega_18-Q3-R5-49_BATAC.76.fa,d__Bacteria;p__Bacteroidota;c__Ignavibacteria;o__Ignavibacteriales;f__Ignavibacteriaceae_A;g__UTCHB3;s__
Fred_18-Q3-R57-64_BAT3C.169.fa,d__Bacteria;p__Bacteroidota;c__Ignavibacteria;o__Ignavibacteriales;f__Ignavibacteriaceae_A;g__UTCHB3;s__
Lyne_18-Q3-R50-59_MAXAC.197.fa,d__Bacteria;p__Bacteroidota;c__Ignavibacteria;o__Ignavibacteriales;f__Ignavibacteriaceae_A;g__UTCHB3;s__
Aved_18-Q3-R54-62_MAXAC.426.fa,d__Bacteria;p__Bacteroidota;c__Ignavibacteria;o__Ignavibacteriales;f__Ignavibacteriaceae;g__;s__
EsbE_18-Q3-R3-47_MAXAC.197.fa,d__Bacteria;p__Bacteroidota;c__Ignavibacteria;o__Ignavibacteriales;f__Ignavibacteriaceae;g__;s__
Kalu_18-Q3-R12-55_BAT3C.173.fa,d__Bacteria;p__Bacteroidota;c__Ignavibacteria;o__Ignavibacteriales;f__Ignavibacteriaceae;g__;s__
Kalu_18-Q3-R12-55_MAXAC.127v2.fa,d__Bacteria;p__Bacteroidota;c__Ignavibacteria;o__Ignavibacteriales;f__Ignavibacteriaceae;g__;s__
Ega_18-Q3-R5-49_BAT3C.193.fa,d__Bacteria;p__Bacteroidota;c__Ignavibacteria;o__Ignavibacteriales;f__Ignavibacteriaceae;g__Ignavibacterium;s__
Ega_18-Q3-R5-49_MAXAC.056.fa,d__Bacteria;p__Bacteroidota;c__Ignavibacteria;o__Ignavibacteriales;f__Ignavibacteriaceae;g__Ignavibacterium;s__
EsbW_18-Q3-R4-48_BATAC.168.fa,d__Bacteria;p__Bacteroidota;c__Ignavibacteria;o__Ignavibacteriales;f__Ignavibacteriaceae;g__Ignavibacterium;s__
Bjer_18-Q3-R1-45_MAXAC.250.fa,d__Bacteria;p__Bacteroidota;c__Ignavibacteria;o__Ignavibacteriales;f__Melioribacteraceae;g__GCA-2746605;s__
Fred_18-Q3-R57-64_BATAC.232.fa,d__Bacteria;p__Bacteroidota;c__Ignavibacteria;o__Ignavibacteriales;f__Melioribacteraceae;g__GCA-2746605;s__
Kalu_18-Q3-R12-55_BAT3C.58.fa,d__Bacteria;p__Bacteroidota;c__Ignavibacteria;o__Ignavibacteriales;f__Melioribacteraceae;g__GCA-2746605;s__
AalW_18-Q3-R10-53_BATAC.340.fa,d__Bacteria;p__Bacteroidota;c__Ignavibacteria;o__SJA-28;f__B-1AR;g__;s__
Aved_18-Q3-R54-62_MAXAC.297.fa,d__Bacteria;p__Bacteroidota;c__Ignavibacteria;o__SJA-28;f__B-1AR;g__;s__
AalW_18-Q3-R10-53_BATAC.706.fa,d__Bacteria;p__Bacteroidota;c__Ignavibacteria;o__SJA-28;f__B-1AR;g__UBA2330;s__
Aved_18-Q3-R54-62_MAXAC.030.fa,d__Bacteria;p__Bacteroidota;c__Ignavibacteria;o__SJA-28;f__B-1AR;g__UBA2330;s__
Damh_18-Q3-R51-60_BATAC.300.fa,d__Bacteria;p__Bacteroidota;c__Ignavibacteria;o__SJA-28;f__B-1AR;g__UBA2330;s__
Ega_18-Q3-R5-49_BATAC.213.fa,d__Bacteria;p__Bacteroidota;c__Ignavibacteria;o__SJA-28;f__B-1AR;g__UBA2330;s__
EsbW_18-Q3-R4-48_MAXAC.017.fa,d__Bacteria;p__Bacteroidota;c__Ignavibacteria;o__SJA-28;f__B-1AR;g__UBA2330;s__
Hade_18-Q3-R52-61_MAXAC.028.fa,d__Bacteria;p__Bacteroidota;c__Ignavibacteria;o__SJA-28;f__B-1AR;g__UBA2330;s__
Hirt_18-Q3-R61-65_BATAC.172.fa,d__Bacteria;p__Bacteroidota;c__Ignavibacteria;o__SJA-28;f__B-1AR;g__UBA2330;s__
Hirt_18-Q3-R61-65_BATAC.72.fa,d__Bacteria;p__Bacteroidota;c__Ignavibacteria;o__SJA-28;f__B-1AR;g__UBA2330;s__
Kalu_18-Q3-R12-55_BATAC.336.fa,d__Bacteria;p__Bacteroidota;c__Ignavibacteria;o__SJA-28;f__B-1AR;g__UBA2330;s__
Lyne_18-Q3-R50-59_BATAC.576.fa,d__Bacteria;p__Bacteroidota;c__Ignavibacteria;o__SJA-28;f__B-1AR;g__UBA2330;s__
Mari_18-Q3-R65-66_MAXAC.025.fa,d__Bacteria;p__Bacteroidota;c__Ignavibacteria;o__SJA-28;f__B-1AR;g__UBA2330;s__
Skiv_18-Q3-R9-52_MAXAC.018.fa,d__Bacteria;p__Bacteroidota;c__Ignavibacteria;o__SJA-28;f__B-1AR;g__UBA2330;s__
AalW_18-Q3-R10-53_BAT3C.371_sub.fa,d__Bacteria;p__Chloroflexota;c__Anaerolineae;o__;f__;g__;s__
Damh_18-Q3-R51-60_MAXAC.106.fa,d__Bacteria;p__Chloroflexota;c__Anaerolineae;o__;f__;g__;s__
EsbW_18-Q3-R4-48_MAXAC.090.fa,d__Bacteria;p__Chloroflexota;c__Anaerolineae;o__;f__;g__;s__
Hirt_18-Q3-R61-65_BATAC.427.fa,d__Bacteria;p__Chloroflexota;c__Anaerolineae;o__;f__;g__;s__
Lyne_18-Q3-R50-59_BATAC.272.fa,d__Bacteria;p__Chloroflexota;c__Anaerolineae;o__;f__;g__;s__
OdNW_18-Q3-R42-56_BAT3C.33_sub.fa,d__Bacteria;p__Chloroflexota;c__Anaerolineae;o__;f__;g__;s__
Aved_18-Q3-R54-62_BAT3C.518.fa,d__Bacteria;p__Chloroflexota;c__Anaerolineae;o__Anaerolineales;f__envOPS12;g__OLB14;s__
Aved_18-Q3-R54-62_MAXAC.057_sub.fa,d__Bacteria;p__Chloroflexota;c__Anaerolineae;o__Anaerolineales;f__envOPS12;g__OLB14;s__
EsbE_18-Q3-R3-47_MAXAC.031_sub.fa,d__Bacteria;p__Chloroflexota;c__Anaerolineae;o__Anaerolineales;f__envOPS12;g__OLB14;s__
EsbW_18-Q3-R4-48_MAXAC.021.fa,d__Bacteria;p__Chloroflexota;c__Anaerolineae;o__Anaerolineales;f__envOPS12;g__OLB14;s__
EsbW_18-Q3-R4-48_MAXAC.032.fa,d__Bacteria;p__Chloroflexota;c__Anaerolineae;o__Anaerolineales;f__envOPS12;g__OLB14;s__
Hade_18-Q3-R52-61_MAXAC.042.fa,d__Bacteria;p__Chloroflexota;c__Anaerolineae;o__Anaerolineales;f__envOPS12;g__OLB14;s__
Hirt_18-Q3-R61-65_MAXAC.030.fa,d__Bacteria;p__Chloroflexota;c__Anaerolineae;o__Anaerolineales;f__envOPS12;g__OLB14;s__
Mari_18-Q3-R65-66_MAXAC.029.fa,d__Bacteria;p__Chloroflexota;c__Anaerolineae;o__Anaerolineales;f__envOPS12;g__OLB14;s__
OdNE_18-Q3-R46-58_MAXAC.047.fa,d__Bacteria;p__Chloroflexota;c__Anaerolineae;o__Anaerolineales;f__envOPS12;g__OLB14;s__
OdNW_18-Q3-R42-56_BATAC.378.fa,d__Bacteria;p__Chloroflexota;c__Anaerolineae;o__Anaerolineales;f__envOPS12;g__OLB14;s__
OdNW_18-Q3-R42-56_MAXAC.037.fa,d__Bacteria;p__Chloroflexota;c__Anaerolineae;o__Anaerolineales;f__envOPS12;g__OLB14;s__
Skiv_18-Q3-R9-52_MAXAC.035.fa,d__Bacteria;p__Chloroflexota;c__Anaerolineae;o__Anaerolineales;f__envOPS12;g__OLB14;s__
Skiv_18-Q3-R9-52_MAXAC.043.fa,d__Bacteria;p__Chloroflexota;c__Anaerolineae;o__Anaerolineales;f__envOPS12;g__OLB14;s__
Kalu_18-Q3-R12-55_BAT3C.361.fa,d__Bacteria;p__Chloroflexota;c__Anaerolineae;o__Anaerolineales;f__envOPS12;g__UBA12294;s__
Skiv_18-Q3-R9-52_MAXAC.174.fa,d__Bacteria;p__Chloroflexota;c__Anaerolineae;o__Anaerolineales;f__envOPS12;g__UBA12294;s__
Aved_18-Q3-R54-62_BATAC.767.fa,d__Bacteria;p__Chloroflexota;c__Anaerolineae;o__Ardenticatenales;f__;g__;s__
Fred_18-Q3-R57-64_BATAC.359.fa,d__Bacteria;p__Chloroflexota;c__Anaerolineae;o__Caldilineales;f__Caldilineaceae;g__;s__
Hjor_18-Q3-R7-51_MAXAC.079_sub.fa,d__Bacteria;p__Chloroflexota;c__Anaerolineae;o__Caldilineales;f__Caldilineaceae;g__Caldilinea;s__
Hade_18-Q3-R52-61_MAXAC.236_sub.fa,d__Bacteria;p__Chloroflexota;c__Anaerolineae;o__Promineofilales;f__;g__;s__
Hirt_18-Q3-R61-65_MAXAC.142.fa,d__Bacteria;p__Chloroflexota;c__Anaerolineae;o__Promineofilales;f__Promineofilaceae;g__;s__
Fred_18-Q3-R57-64_BAT3C.445.fa,d__Bacteria;p__Chloroflexota;c__Anaerolineae;o__Promineofilales;f__Promineofilaceae;g__GCA-2699125;s__
Kalu_18-Q3-R12-55_MAXAC.106v2.fa,d__Bacteria;p__Chloroflexota;c__Anaerolineae;o__Promineofilales;f__Promineofilaceae;g__GCA-2699125;s__
AalE_18-Q3-R2-46_BATAC.251.fa,d__Bacteria;p__Chloroflexota;c__Anaerolineae;o__Promineofilales;f__Promineofilaceae;g__GCA-2746795;s__
Aved_18-Q3-R54-62_BATAC.192.fa,d__Bacteria;p__Chloroflexota;c__Anaerolineae;o__Promineofilales;f__Promineofilaceae;g__GCA-2746795;s__
Damh_18-Q3-R51-60_MAXAC.008.fa,d__Bacteria;p__Chloroflexota;c__Anaerolineae;o__Promineofilales;f__Promineofilaceae;g__GCA-2746795;s__
Fred_18-Q3-R57-64_BAT3C.529_sub.fa,d__Bacteria;p__Chloroflexota;c__Anaerolineae;o__Promineofilales;f__Promineofilaceae;g__GCA-2746795;s__
Kalu_18-Q3-R12-55_BATAC.47.fa,d__Bacteria;p__Chloroflexota;c__Anaerolineae;o__Promineofilales;f__Promineofilaceae;g__GCA-2746795;s__
Lyne_18-Q3-R50-59_BAT3C.496.fa,d__Bacteria;p__Chloroflexota;c__Anaerolineae;o__Promineofilales;f__Promineofilaceae;g__GCA-2746795;s__
Ega_18-Q3-R5-49_BAT3C.159.fa,d__Bacteria;p__Chloroflexota;c__Anaerolineae;o__Promineofilales;f__Promineofilaceae;g__Promineofilum;s__
Fred_18-Q3-R57-64_MAXAC.112.fa,d__Bacteria;p__Chloroflexota;c__Anaerolineae;o__SBR1031;f__A4b;g__OLB13;s__
Kalu_18-Q3-R12-55_BAT3C.186.fa,d__Bacteria;p__Chloroflexota;c__Anaerolineae;o__SBR1031;f__A4b;g__OLB13;s__
Fred_18-Q3-R57-64_BATAC.369.fa,d__Bacteria;p__Chloroflexota;c__Anaerolineae;o__SBR1031;f__A4b;g__OLB15;s__
Fred_18-Q3-R57-64_BATAC.421.fa,d__Bacteria;p__Chloroflexota;c__Anaerolineae;o__SBR1031;f__A4b;g__OLB15;s__
Ribe_18-Q3-R11-54_BATAC.253.fa,d__Bacteria;p__Chloroflexota;c__Anaerolineae;o__SBR1031;f__A4b;g__OLB15;s__
OdNW_18-Q3-R42-56_BATAC.48.fa,d__Bacteria;p__Chloroflexota;c__Anaerolineae;o__Thermoflexales;f__;g__;s__
Ribe_18-Q3-R11-54_BAT3C.183.fa,d__Bacteria;p__Chloroflexota;c__Chloroflexia;o__Chloroflexales;f__Roseiflexaceae;g__Kouleothrix;s__
Ribe_18-Q3-R11-54_MAXAC.235.fa,d__Bacteria;p__Chloroflexota;c__Chloroflexia;o__Chloroflexales;f__Roseiflexaceae;g__Kouleothrix;s__
Aved_18-Q3-R54-62_BAT3C.689.fa,d__Bacteria;p__Chloroflexota;c__Dehalococcoidia;o__UBA2991;f__UBA2991;g__;s__
AalE_18-Q3-R2-46_BAT3C.409.fa,d__Bacteria;p__Chloroflexota;c__Dehalococcoidia;o__UBA2991;f__UBA2991;g__G233;s__
AalW_18-Q3-R10-53_MAXAC.018.fa,d__Bacteria;p__Chloroflexota;c__Dehalococcoidia;o__UBA2991;f__UBA2991;g__G233;s__
Damh_18-Q3-R51-60_BAT3C.259.fa,d__Bacteria;p__Chloroflexota;c__Dehalococcoidia;o__UBA2991;f__UBA2991;g__G233;s__
Ejby_18-Q3-R6-50_BAT3C.216.fa,d__Bacteria;p__Chloroflexota;c__Dehalococcoidia;o__UBA2991;f__UBA2991;g__G233;s__
EsbE_18-Q3-R3-47_MAXAC.015.fa,d__Bacteria;p__Chloroflexota;c__Dehalococcoidia;o__UBA2991;f__UBA2991;g__G233;s__
Hirt_18-Q3-R61-65_BATAC.715.fa,d__Bacteria;p__Chloroflexota;c__Dehalococcoidia;o__UBA2991;f__UBA2991;g__G233;s__
Lyne_18-Q3-R50-59_MAXAC.019.fa,d__Bacteria;p__Chloroflexota;c__Dehalococcoidia;o__UBA2991;f__UBA2991;g__G233;s__
OdNW_18-Q3-R42-56_MAXAC.019.fa,d__Bacteria;p__Chloroflexota;c__Dehalococcoidia;o__UBA2991;f__UBA2991;g__G233;s__
Rand_18-Q3-R56-63_BAT3C.210.fa,d__Bacteria;p__Chloroflexota;c__Dehalococcoidia;o__UBA2991;f__UBA2991;g__G233;s__
Aved_18-Q3-R54-62_BATAC.358_cln.fa,d__Bacteria;p__Cyanobacteria;c__Vampirovibrionia;o__Obscuribacterales;f__;g__;s__
Kalu_18-Q3-R12-55_BAT3C.239.fa,d__Bacteria;p__Cyanobacteria;c__Vampirovibrionia;o__Obscuribacterales;f__;g__;s__
Ejby_18-Q3-R6-50_BATAC.123.fa,d__Bacteria;p__Cyanobacteria;c__Vampirovibrionia;o__Obscuribacterales;f__Obscuribacteraceae;g__Obscuribacter;s__
EsbW_18-Q3-R4-48_MAXAC.047.fa,d__Bacteria;p__Cyanobacteria;c__Vampirovibrionia;o__Obscuribacterales;f__Obscuribacteraceae;g__Obscuribacter;s__
Fred_18-Q3-R57-64_MAXAC.356.fa,d__Bacteria;p__Cyanobacteria;c__Vampirovibrionia;o__Obscuribacterales;f__Obscuribacteraceae;g__Obscuribacter;s__
Hirt_18-Q3-R61-65_MAXAC.060.fa,d__Bacteria;p__Cyanobacteria;c__Vampirovibrionia;o__Obscuribacterales;f__Obscuribacteraceae;g__Obscuribacter;s__
Lyne_18-Q3-R50-59_BATAC.510.fa,d__Bacteria;p__Cyanobacteria;c__Vampirovibrionia;o__Obscuribacterales;f__Obscuribacteraceae;g__Obscuribacter;s__
OdNW_18-Q3-R42-56_BATAC.52.fa,d__Bacteria;p__Cyanobacteria;c__Vampirovibrionia;o__Obscuribacterales;f__Obscuribacteraceae;g__Obscuribacter;s__
Skiv_18-Q3-R9-52_MAXAC.062.fa,d__Bacteria;p__Cyanobacteria;c__Vampirovibrionia;o__Obscuribacterales;f__Obscuribacteraceae;g__Obscuribacter;s__
Vibo_18-Q3-R45-57_BATAC.463.fa,d__Bacteria;p__Cyanobacteria;c__Vampirovibrionia;o__Obscuribacterales;f__Obscuribacteraceae;g__Obscuribacter;s__
Fred_18-Q3-R57-64_MAXAC.379.fa,d__Bacteria;p__Cyanobacteria;c__Vampirovibrionia;o__Vampirovibrionales;f__Vampirovibrionaceae;g__;s__
Fred_18-Q3-R57-64_BAT3C.485.fa,d__Bacteria;p__Firmicutes_C;c__Negativicutes;o__Veillonellales;f__Veillonellaceae;g__Veillonella;s__
Fred_18-Q3-R57-64_MAXAC.220.fa,d__Bacteria;p__Firmicutes;c__Bacilli;o__Lactobacillales;f__Streptococcaceae;g__Streptococcus;s__Streptococcus
Vibo_18-Q3-R45-57_BATAC.273.fa,d__Bacteria;p__Gemmatimonadota;c__Gemmatimonadetes;o__Gemmatimonadales;f__Gemmatimonadaceae;g__;s__
Fred_18-Q3-R57-64_BAT3C.243.fa,d__Bacteria;p__Gemmatimonadota;c__Gemmatimonadetes;o__Gemmatimonadales;f__Gemmatimonadaceae;g__Fen-1231;s__
AalE_18-Q3-R2-46_BAT3C.235.fa,d__Bacteria;p__Gemmatimonadota;c__Gemmatimonadetes;o__Gemmatimonadales;f__Gemmatimonadaceae;g__SCN-70-22;s__
AalW_18-Q3-R10-53_BAT3C.461.fa,d__Bacteria;p__Gemmatimonadota;c__Gemmatimonadetes;o__Gemmatimonadales;f__Gemmatimonadaceae;g__SCN-70-22;s__
AalW_18-Q3-R10-53_BATAC.281.fa,d__Bacteria;p__Gemmatimonadota;c__Gemmatimonadetes;o__Gemmatimonadales;f__Gemmatimonadaceae;g__SCN-70-22;s__
Aved_18-Q3-R54-62_MAXAC.126.fa,d__Bacteria;p__Gemmatimonadota;c__Gemmatimonadetes;o__Gemmatimonadales;f__Gemmatimonadaceae;g__SCN-70-22;s__
EsbW_18-Q3-R4-48_MAXAC.084.fa,d__Bacteria;p__Gemmatimonadota;c__Gemmatimonadetes;o__Gemmatimonadales;f__Gemmatimonadaceae;g__SCN-70-22;s__
Fred_18-Q3-R57-64_BATAC.76.fa,d__Bacteria;p__Gemmatimonadota;c__Gemmatimonadetes;o__Gemmatimonadales;f__Gemmatimonadaceae;g__SCN-70-22;s__
Fred_18-Q3-R57-64_MAXAC.423.fa,d__Bacteria;p__Gemmatimonadota;c__Gemmatimonadetes;o__Gemmatimonadales;f__Gemmatimonadaceae;g__SCN-70-22;s__
Lyne_18-Q3-R50-59_MAXAC.102.fa,d__Bacteria;p__Gemmatimonadota;c__Gemmatimonadetes;o__Gemmatimonadales;f__Gemmatimonadaceae;g__SCN-70-22;s__
Mari_18-Q3-R65-66_BATAC.295.fa,d__Bacteria;p__Gemmatimonadota;c__Gemmatimonadetes;o__Gemmatimonadales;f__Gemmatimonadaceae;g__SCN-70-22;s__
Skiv_18-Q3-R9-52_BAT3C.167.fa,d__Bacteria;p__Gemmatimonadota;c__Gemmatimonadetes;o__Gemmatimonadales;f__Gemmatimonadaceae;g__SCN-70-22;s__
AalE_18-Q3-R2-46_MAXAC.133.fa,d__Bacteria;p__Gemmatimonadota;c__Gemmatimonadetes;o__Gemmatimonadales;f__GWC2-71-9;g__;s__
Aved_18-Q3-R54-62_BATAC.843.fa,d__Bacteria;p__Gemmatimonadota;c__Gemmatimonadetes;o__Gemmatimonadales;f__GWC2-71-9;g__;s__
Ejby_18-Q3-R6-50_BAT3C.80.fa,d__Bacteria;p__Gemmatimonadota;c__Gemmatimonadetes;o__Gemmatimonadales;f__GWC2-71-9;g__;s__
EsbE_18-Q3-R3-47_MAXAC.085.fa,d__Bacteria;p__Gemmatimonadota;c__Gemmatimonadetes;o__Gemmatimonadales;f__GWC2-71-9;g__;s__
EsbW_18-Q3-R4-48_MAXAC.089.fa,d__Bacteria;p__Gemmatimonadota;c__Gemmatimonadetes;o__Gemmatimonadales;f__GWC2-71-9;g__;s__
Fred_18-Q3-R57-64_BAT3C.6.fa,d__Bacteria;p__Gemmatimonadota;c__Gemmatimonadetes;o__Gemmatimonadales;f__GWC2-71-9;g__;s__
Fred_18-Q3-R57-64_BATAC.299.fa,d__Bacteria;p__Gemmatimonadota;c__Gemmatimonadetes;o__Gemmatimonadales;f__GWC2-71-9;g__;s__
Hirt_18-Q3-R61-65_MAXAC.111.fa,d__Bacteria;p__Gemmatimonadota;c__Gemmatimonadetes;o__Gemmatimonadales;f__GWC2-71-9;g__;s__
Rand_18-Q3-R56-63_MAXAC.104.fa,d__Bacteria;p__Gemmatimonadota;c__Gemmatimonadetes;o__Gemmatimonadales;f__GWC2-71-9;g__;s__
AalW_18-Q3-R10-53_BATAC.41.fa,d__Bacteria;p__Gemmatimonadota;c__Gemmatimonadetes;o__Gemmatimonadales;f__GWC2-71-9;g__Palsa-1233;s__
EsbW_18-Q3-R4-48_BAT3C.251.fa,d__Bacteria;p__Gemmatimonadota;c__Gemmatimonadetes;o__Gemmatimonadales;f__GWC2-71-9;g__Palsa-1233;s__
Rand_18-Q3-R56-63_BAT3C.236.fa,d__Bacteria;p__Gemmatimonadota;c__Gemmatimonadetes;o__Gemmatimonadales;f__GWC2-71-9;g__Palsa-1233;s__
Vibo_18-Q3-R45-57_BATAC.481.fa,d__Bacteria;p__Gemmatimonadota;c__Gemmatimonadetes;o__Gemmatimonadales;f__GWC2-71-9;g__Palsa-1233;s__
Mari_18-Q3-R65-66_BAT3C.341_fly.fa,d__Bacteria;p__Patescibacteria;c__ABY1;o__BM507;f__UBA917;g__UBA919;s__
Bjer_18-Q3-R1-45_BAT3C.201_fly.fa,d__Bacteria;p__Patescibacteria;c__ABY1;o__SG8-24;f__2-12-FULL-60-25;g__21-14-all-47-17;s__
Fred_18-Q3-R57-64_BAT3C.481.fa,d__Bacteria;p__Patescibacteria;c__Dojkabacteria;o__B142;f__;g__;s__
Kalu_18-Q3-R12-55_BAT3C.2_fly.fa,d__Bacteria;p__Patescibacteria;c__Doudnabacteria;o__UBA920;f__UBA920;g__UBA920;s__
Lyne_18-Q3-R50-59_MAXAC.411_cln.fa,d__Bacteria;p__Patescibacteria;c__Gracilibacteria;o__GCA-2401425;f__;g__;s__
Aved_18-Q3-R54-62_BAT3C.344.fa,d__Bacteria;p__Patescibacteria;c__Gracilibacteria;o__UBA1369;f__2-02-FULL-48-14;g__2-02-FULL-48-14;s__
Fred_18-Q3-R57-64_BAT3C.1_cln.fa,d__Bacteria;p__Patescibacteria;c__Gracilibacteria;o__UM-FILTER-43-11;f__;g__;s__
Kalu_18-Q3-R12-55_MAXAC.182_cln.fa,d__Bacteria;p__Patescibacteria;c__Microgenomatia;o__GWA2-44-7;f__UBA8517;g__;s__
Damh_18-Q3-R51-60_BAT3C.63_uni.fa,d__Bacteria;p__Patescibacteria;c__Microgenomatia;o__UBA1406;f__GWC2-37-13;g__;s__
Kalu_18-Q3-R12-55_MAXAC.194_uni.fa,d__Bacteria;p__Patescibacteria;c__Microgenomatia;o__UBA1406;f__GWC2-37-13;g__UBA1450;s__
Mari_18-Q3-R65-66_MAXAC.243_uni.fa,d__Bacteria;p__Patescibacteria;c__Paceibacteria_A;o__Moranbacterales;f__GCA-2747515;g__;s__
EsbW_18-Q3-R4-48_MAXAC.267_cln.fa,d__Bacteria;p__Patescibacteria;c__Paceibacteria_A;o__Moranbacterales;f__UBA1568;g__;s__
EsbW_18-Q3-R4-48_MAXAC.278_cln.fa,d__Bacteria;p__Patescibacteria;c__Paceibacteria_A;o__Moranbacterales;f__UBA1568;g__;s__
Fred_18-Q3-R57-64_MAXAC.421_sub_cln.fa,d__Bacteria;p__Patescibacteria;c__Paceibacteria_A;o__Moranbacterales;f__UBA1568;g__;s__
Hirt_18-Q3-R61-65_MAXAC.378_cln.fa,d__Bacteria;p__Patescibacteria;c__Paceibacteria_A;o__Moranbacterales;f__UBA1568;g__;s__
EsbW_18-Q3-R4-48_MAXAC.283_fly_man.fa,d__Bacteria;p__Patescibacteria;c__Paceibacteria;o__UBA9983_A;f__21-14-all-36-13;g__;s__
Damh_18-Q3-R51-60_MAXAC.235_fly.fa,d__Bacteria;p__Patescibacteria;c__Paceibacteria;o__UBA9983_A;f__UBA2163;g__1-14-0-10-47-16;s__
AalW_18-Q3-R10-53_BAT3C.395.fa,d__Bacteria;p__Patescibacteria;c__Paceibacteria;o__UBA9983_A;f__UBA9973;g__;s__
EsbW_18-Q3-R4-48_MAXAC.200_cln.fa,d__Bacteria;p__Patescibacteria;c__Paceibacteria;o__UBA9983_A;f__UBA9973;g__;s__
Hirt_18-Q3-R61-65_BAT3C.362_fly.fa,d__Bacteria;p__Patescibacteria;c__Saccharimonadia;o__Saccharimonadales;f__Saccharimonadaceae;g__;s__
Hjor_18-Q3-R7-51_MAXAC.102_uni.fa,d__Bacteria;p__Patescibacteria;c__Saccharimonadia;o__Saccharimonadales;f__Saccharimonadaceae;g__Saccharimonas;s__
AalW_18-Q3-R10-53_BAT3C.508_uni.fa,d__Bacteria;p__Patescibacteria;c__Saccharimonadia;o__Saccharimonadales;f__Saccharimonadaceae;g__Saccharimonas;s__Saccharimonas
Skiv_18-Q3-R9-52_BAT3C.188_fly.fa,d__Bacteria;p__Patescibacteria;c__Saccharimonadia;o__Saccharimonadales;f__Saccharimonadaceae;g__Saccharimonas;s__Saccharimonas
Vibo_18-Q3-R45-57_BATAC.32_fly.fa,d__Bacteria;p__Patescibacteria;c__Saccharimonadia;o__Saccharimonadales;f__Saccharimonadaceae;g__Saccharimonas;s__Saccharimonas
Ribe_18-Q3-R11-54_BATAC.540_fly.fa,d__Bacteria;p__Patescibacteria;c__Saccharimonadia;o__Saccharimonadales;f__SZUA-47;g__;s__
Hirt_18-Q3-R61-65_BATAC.98_uni.fa,d__Bacteria;p__Patescibacteria;c__Saccharimonadia;o__Saccharimonadales;f__UBA4665;g__GCA-2746885;s__
Hirt_18-Q3-R61-65_MAXAC.330_cln.fa,d__Bacteria;p__Patescibacteria;c__Saccharimonadia;o__Saccharimonadales;f__UBA4665;g__GCA-2746885;s__
Vibo_18-Q3-R45-57_BAT3C.117_fly.fa,d__Bacteria;p__Patescibacteria;c__Saccharimonadia;o__Saccharimonadales;f__UBA4665;g__GCA-2746885;s__
Kalu_18-Q3-R12-55_MAXAC.052_cln.fa,d__Bacteria;p__Patescibacteria;c__Saccharimonadia;o__UBA4664;f__;g__;s__
Aved_18-Q3-R54-62_BAT3C.16_uni.fa,d__Bacteria;p__Patescibacteria;c__Saccharimonadia;o__UBA4664;f__UBA4664;g__UBA5169;s__
Fred_18-Q3-R57-64_MAXAC.362.fa,d__Bacteria;p__Proteobacteria;c__Alphaproteobacteria;o__Caulobacterales;f__Hyphomonadaceae;g__Hyphomonas;s__
Aved_18-Q3-R54-62_BATAC.292.fa,d__Bacteria;p__Proteobacteria;c__Alphaproteobacteria;o__Caulobacterales;f__Hyphomonadaceae;g__SWB02;s__
Hirt_18-Q3-R61-65_BATAC.448_sub.fa,d__Bacteria;p__Proteobacteria;c__Alphaproteobacteria;o__Caulobacterales;f__Hyphomonadaceae;g__SWB02;s__
OdNW_18-Q3-R42-56_BATAC.488.fa,d__Bacteria;p__Proteobacteria;c__Alphaproteobacteria;o__Caulobacterales;f__Hyphomonadaceae;g__UBA7672;s__
Fred_18-Q3-R57-64_MAXAC.396_cln.fa,d__Bacteria;p__Proteobacteria;c__Alphaproteobacteria;o__Reyranellales;f__Reyranellaceae;g__;s__
Hjor_18-Q3-R7-51_MAXAC.078.fa,d__Bacteria;p__Proteobacteria;c__Alphaproteobacteria;o__Rhizobiales;f__Anderseniellaceae;g__PALSA-927;s__
Hjor_18-Q3-R7-51_BAT3C.155.fa,d__Bacteria;p__Proteobacteria;c__Alphaproteobacteria;o__Rhizobiales;f__Beijerinckiaceae;g__;s__
Fred_18-Q3-R57-64_BATAC.601.fa,d__Bacteria;p__Proteobacteria;c__Alphaproteobacteria;o__Rhizobiales;f__Devosiaceae;g__Devosia;s__
Hjor_18-Q3-R7-51_BAT3C.262.fa,d__Bacteria;p__Proteobacteria;c__Alphaproteobacteria;o__Rhizobiales;f__Hyphomicrobiaceae;g__Hyphomicrobium;s__
Hirt_18-Q3-R61-65_BAT3C.487.fa,d__Bacteria;p__Proteobacteria;c__Alphaproteobacteria;o__Rhizobiales;f__Rhizobiaceae;g__;s__
Fred_18-Q3-R57-64_BATAC.466.fa,d__Bacteria;p__Proteobacteria;c__Alphaproteobacteria;o__Rhizobiales;f__Xanthobacteraceae;g__Ga0077548;s__
AalW_18-Q3-R10-53_BATAC.174.fa,d__Bacteria;p__Proteobacteria;c__Alphaproteobacteria;o__Rhodobacterales;f__Rhodobacteraceae;g__Rhodobacter_E;s__
Hirt_18-Q3-R61-65_BAT3C.204.fa,d__Bacteria;p__Proteobacteria;c__Alphaproteobacteria;o__Rhodobacterales;f__Rhodobacteraceae;g__Rhodobacter_E;s__
Fred_18-Q3-R57-64_MAXAC.307.fa,d__Bacteria;p__Proteobacteria;c__Alphaproteobacteria;o__Rhodospirillales_A;f__2-12-FULL-67-15;g__;s__
Fred_18-Q3-R57-64_MAXAC.378.fa,d__Bacteria;p__Proteobacteria;c__Alphaproteobacteria;o__Rhodospirillales_A;f__2-12-FULL-67-15;g__;s__
Kalu_18-Q3-R12-55_MAXAC.148.fa,d__Bacteria;p__Proteobacteria;c__Alphaproteobacteria;o__Rhodospirillales_A;f__2-12-FULL-67-15;g__;s__
Skiv_18-Q3-R9-52_MAXAC.332.fa,d__Bacteria;p__Proteobacteria;c__Alphaproteobacteria;o__Rickettsiales;f__;g__;s__
Aved_18-Q3-R54-62_BATAC.253.fa,d__Bacteria;p__Proteobacteria;c__Alphaproteobacteria;o__Sphingomonadales;f__Sphingomonadaceae;g__Ga0077559;s__
Damh_18-Q3-R51-60_BATAC.316.fa,d__Bacteria;p__Proteobacteria;c__Alphaproteobacteria;o__Sphingomonadales;f__Sphingomonadaceae;g__Ga0077559;s__
Hade_18-Q3-R52-61_MAXAC.056.fa,d__Bacteria;p__Proteobacteria;c__Alphaproteobacteria;o__Sphingomonadales;f__Sphingomonadaceae;g__Ga0077559;s__
Kalu_18-Q3-R12-55_MAXAC.026.fa,d__Bacteria;p__Proteobacteria;c__Alphaproteobacteria;o__Sphingomonadales;f__Sphingomonadaceae;g__Ga0077559;s__
Lyne_18-Q3-R50-59_BAT3C.1.fa,d__Bacteria;p__Proteobacteria;c__Alphaproteobacteria;o__Sphingomonadales;f__Sphingomonadaceae;g__Ga0077559;s__
Mari_18-Q3-R65-66_BATAC.31.fa,d__Bacteria;p__Proteobacteria;c__Alphaproteobacteria;o__Sphingomonadales;f__Sphingomonadaceae;g__Ga0077559;s__
Skiv_18-Q3-R9-52_BAT3C.184.fa,d__Bacteria;p__Proteobacteria;c__Alphaproteobacteria;o__Sphingomonadales;f__Sphingomonadaceae;g__Ga0077559;s__
Aved_18-Q3-R54-62_MAXAC.082_sub.fa,d__Bacteria;p__Proteobacteria;c__Alphaproteobacteria;o__Sphingomonadales;f__Sphingomonadaceae;g__Novosphingobium;s__
Lyne_18-Q3-R50-59_BATAC.36.fa,d__Bacteria;p__Proteobacteria;c__Alphaproteobacteria;o__Sphingomonadales;f__Sphingomonadaceae;g__Novosphingobium;s__
AalE_18-Q3-R2-46_MAXAC.104.fa,d__Bacteria;p__Proteobacteria;c__Alphaproteobacteria;o__Sphingomonadales;f__Sphingomonadaceae;g__Sphingopyxis;s__
AalE_18-Q3-R2-46_BAT3C.277.fa,d__Bacteria;p__Proteobacteria;c__Alphaproteobacteria;o__Sphingomonadales;f__Sphingomonadaceae;g__UBA1936;s__
AalW_18-Q3-R10-53_BATAC.245.fa,d__Bacteria;p__Proteobacteria;c__Alphaproteobacteria;o__Sphingomonadales;f__Sphingomonadaceae;g__UBA1936;s__
Aved_18-Q3-R54-62_BATAC.490.fa,d__Bacteria;p__Proteobacteria;c__Alphaproteobacteria;o__Sphingomonadales;f__Sphingomonadaceae;g__UBA1936;s__
EsbE_18-Q3-R3-47_BATAC.463.fa,d__Bacteria;p__Proteobacteria;c__Alphaproteobacteria;o__Sphingomonadales;f__Sphingomonadaceae;g__UBA1936;s__
Hade_18-Q3-R52-61_BAT3C.208.fa,d__Bacteria;p__Proteobacteria;c__Alphaproteobacteria;o__Sphingomonadales;f__Sphingomonadaceae;g__UBA1936;s__
Mari_18-Q3-R65-66_BATAC.299.fa,d__Bacteria;p__Proteobacteria;c__Alphaproteobacteria;o__Sphingomonadales;f__Sphingomonadaceae;g__UBA1936;s__
OdNE_18-Q3-R46-58_BATAC.286.fa,d__Bacteria;p__Proteobacteria;c__Alphaproteobacteria;o__Sphingomonadales;f__Sphingomonadaceae;g__UBA1936;s__
Rand_18-Q3-R56-63_BAT3C.197.fa,d__Bacteria;p__Proteobacteria;c__Alphaproteobacteria;o__Sphingomonadales;f__Sphingomonadaceae;g__UBA1936;s__
Ribe_18-Q3-R11-54_BATAC.569.fa,d__Bacteria;p__Proteobacteria;c__Alphaproteobacteria;o__Sphingomonadales;f__Sphingomonadaceae;g__UBA1936;s__
Skiv_18-Q3-R9-52_BATAC.351.fa,d__Bacteria;p__Proteobacteria;c__Alphaproteobacteria;o__Sphingomonadales;f__Sphingomonadaceae;g__UBA1936;s__
AalE_18-Q3-R2-46_BAT3C.151.fa,d__Bacteria;p__Proteobacteria;c__Gammaproteobacteria;o__Burkholderiales;f__Burkholderiaceae;g__;s__
AalW_18-Q3-R10-53_MAXAC.039.fa,d__Bacteria;p__Proteobacteria;c__Gammaproteobacteria;o__Burkholderiales;f__Burkholderiaceae;g__;s__
Aved_18-Q3-R54-62_BATAC.321_sub.fa,d__Bacteria;p__Proteobacteria;c__Gammaproteobacteria;o__Burkholderiales;f__Burkholderiaceae;g__;s__
Aved_18-Q3-R54-62_MAXAC.235.fa,d__Bacteria;p__Proteobacteria;c__Gammaproteobacteria;o__Burkholderiales;f__Burkholderiaceae;g__;s__
Bjer_18-Q3-R1-45_BAT3C.132.fa,d__Bacteria;p__Proteobacteria;c__Gammaproteobacteria;o__Burkholderiales;f__Burkholderiaceae;g__;s__
Damh_18-Q3-R51-60_BAT3C.25.fa,d__Bacteria;p__Proteobacteria;c__Gammaproteobacteria;o__Burkholderiales;f__Burkholderiaceae;g__;s__
Ega_18-Q3-R5-49_MAXAC.022.fa,d__Bacteria;p__Proteobacteria;c__Gammaproteobacteria;o__Burkholderiales;f__Burkholderiaceae;g__;s__
Fred_18-Q3-R57-64_BATAC.223.fa,d__Bacteria;p__Proteobacteria;c__Gammaproteobacteria;o__Burkholderiales;f__Burkholderiaceae;g__;s__
Hade_18-Q3-R52-61_MAXAC.026.fa,d__Bacteria;p__Proteobacteria;c__Gammaproteobacteria;o__Burkholderiales;f__Burkholderiaceae;g__;s__
Hjor_18-Q3-R7-51_BATAC.292.fa,d__Bacteria;p__Proteobacteria;c__Gammaproteobacteria;o__Burkholderiales;f__Burkholderiaceae;g__;s__
Kalu_18-Q3-R12-55_BAT3C.359.fa,d__Bacteria;p__Proteobacteria;c__Gammaproteobacteria;o__Burkholderiales;f__Burkholderiaceae;g__;s__
AalW_18-Q3-R10-53_MAXAC.327.fa,d__Bacteria;p__Proteobacteria;c__Gammaproteobacteria;o__Burkholderiales;f__Burkholderiaceae;g__Ottowia;s__
Aved_18-Q3-R54-62_BATAC.560.fa,d__Bacteria;p__Proteobacteria;c__Gammaproteobacteria;o__Burkholderiales;f__Burkholderiaceae;g__Ottowia;s__
Aved_18-Q3-R54-62_MAXAC.293.fa,d__Bacteria;p__Proteobacteria;c__Gammaproteobacteria;o__Burkholderiales;f__Burkholderiaceae;g__Ottowia;s__
Lyne_18-Q3-R50-59_MAXAC.237.fa,d__Bacteria;p__Proteobacteria;c__Gammaproteobacteria;o__Burkholderiales;f__Burkholderiaceae;g__Ottowia;s__
AalW_18-Q3-R10-53_BATAC.157.fa,d__Bacteria;p__Proteobacteria;c__Gammaproteobacteria;o__Burkholderiales;f__Burkholderiaceae;g__Rubrivivax;s__
Aved_18-Q3-R54-62_MAXAC.010.fa,d__Bacteria;p__Proteobacteria;c__Gammaproteobacteria;o__Burkholderiales;f__Burkholderiaceae;g__Rubrivivax;s__
Bjer_18-Q3-R1-45_MAXAC.113.fa,d__Bacteria;p__Proteobacteria;c__Gammaproteobacteria;o__Burkholderiales;f__Burkholderiaceae;g__Rubrivivax;s__
Ega_18-Q3-R5-49_BATAC.212.fa,d__Bacteria;p__Proteobacteria;c__Gammaproteobacteria;o__Burkholderiales;f__Burkholderiaceae;g__Rubrivivax;s__
Ega_18-Q3-R5-49_BATAC.305.fa,d__Bacteria;p__Proteobacteria;c__Gammaproteobacteria;o__Burkholderiales;f__Burkholderiaceae;g__Rubrivivax;s__
Ejby_18-Q3-R6-50_MAXAC.009.fa,d__Bacteria;p__Proteobacteria;c__Gammaproteobacteria;o__Burkholderiales;f__Burkholderiaceae;g__Rubrivivax;s__
EsbW_18-Q3-R4-48_MAXAC.006_sub.fa,d__Bacteria;p__Proteobacteria;c__Gammaproteobacteria;o__Burkholderiales;f__Burkholderiaceae;g__Rubrivivax;s__
Fred_18-Q3-R57-64_MAXAC.004.fa,d__Bacteria;p__Proteobacteria;c__Gammaproteobacteria;o__Burkholderiales;f__Burkholderiaceae;g__Rubrivivax;s__
Hirt_18-Q3-R61-65_BATAC.371.fa,d__Bacteria;p__Proteobacteria;c__Gammaproteobacteria;o__Burkholderiales;f__Burkholderiaceae;g__Rubrivivax;s__
Kalu_18-Q3-R12-55_BAT3C.181.fa,d__Bacteria;p__Proteobacteria;c__Gammaproteobacteria;o__Burkholderiales;f__Burkholderiaceae;g__Rubrivivax;s__
Lyne_18-Q3-R50-59_BATAC.68.fa,d__Bacteria;p__Proteobacteria;c__Gammaproteobacteria;o__Burkholderiales;f__Burkholderiaceae;g__Rubrivivax;s__
Mari_18-Q3-R65-66_BAT3C.19.fa,d__Bacteria;p__Proteobacteria;c__Gammaproteobacteria;o__Burkholderiales;f__Burkholderiaceae;g__Rubrivivax;s__
Rand_18-Q3-R56-63_BATAC.193.fa,d__Bacteria;p__Proteobacteria;c__Gammaproteobacteria;o__Burkholderiales;f__Burkholderiaceae;g__Rubrivivax;s__
Viby_18-Q3-R106-67_BATAC.55.fa,d__Bacteria;p__Proteobacteria;c__Gammaproteobacteria;o__Burkholderiales;f__Burkholderiaceae;g__Rubrivivax;s__
EsbW_18-Q3-R4-48_BAT3C.207.fa,d__Bacteria;p__Proteobacteria;c__Gammaproteobacteria;o__Burkholderiales;f__Burkholderiaceae;g__Vitreoscilla_A;s__
AalW_18-Q3-R10-53_MAXAC.406.fa,d__Bacteria;p__Proteobacteria;c__Gammaproteobacteria;o__Burkholderiales;f__Rhodocyclaceae;g__;s__
Aved_18-Q3-R54-62_MAXAC.403.fa,d__Bacteria;p__Proteobacteria;c__Gammaproteobacteria;o__Burkholderiales;f__Rhodocyclaceae;g__;s__
Bjer_18-Q3-R1-45_BAT3C.347.fa,d__Bacteria;p__Proteobacteria;c__Gammaproteobacteria;o__Burkholderiales;f__Rhodocyclaceae;g__;s__
Ega_18-Q3-R5-49_BATAC.204.fa,d__Bacteria;p__Proteobacteria;c__Gammaproteobacteria;o__Burkholderiales;f__Rhodocyclaceae;g__;s__
EsbW_18-Q3-R4-48_BAT3C.93.fa,d__Bacteria;p__Proteobacteria;c__Gammaproteobacteria;o__Burkholderiales;f__Rhodocyclaceae;g__;s__
EsbW_18-Q3-R4-48_BATAC.233.fa,d__Bacteria;p__Proteobacteria;c__Gammaproteobacteria;o__Burkholderiales;f__Rhodocyclaceae;g__;s__
EsbW_18-Q3-R4-48_MAXAC.050.fa,d__Bacteria;p__Proteobacteria;c__Gammaproteobacteria;o__Burkholderiales;f__Rhodocyclaceae;g__;s__
Fred_18-Q3-R57-64_BAT3C.675.fa,d__Bacteria;p__Proteobacteria;c__Gammaproteobacteria;o__Burkholderiales;f__Rhodocyclaceae;g__;s__
Hade_18-Q3-R52-61_BATAC.316.fa,d__Bacteria;p__Proteobacteria;c__Gammaproteobacteria;o__Burkholderiales;f__Rhodocyclaceae;g__;s__
Hirt_18-Q3-R61-65_BATAC.395.fa,d__Bacteria;p__Proteobacteria;c__Gammaproteobacteria;o__Burkholderiales;f__Rhodocyclaceae;g__;s__
Hirt_18-Q3-R61-65_MAXAC.231.fa,d__Bacteria;p__Proteobacteria;c__Gammaproteobacteria;o__Burkholderiales;f__Rhodocyclaceae;g__;s__
Lyne_18-Q3-R50-59_BAT3C.300.fa,d__Bacteria;p__Proteobacteria;c__Gammaproteobacteria;o__Burkholderiales;f__Rhodocyclaceae;g__;s__
OdNE_18-Q3-R46-58_MAXAC.071.fa,d__Bacteria;p__Proteobacteria;c__Gammaproteobacteria;o__Burkholderiales;f__Rhodocyclaceae;g__;s__
OdNW_18-Q3-R42-56_BAT3C.215.fa,d__Bacteria;p__Proteobacteria;c__Gammaproteobacteria;o__Burkholderiales;f__Rhodocyclaceae;g__;s__
OdNW_18-Q3-R42-56_MAXAC.118.fa,d__Bacteria;p__Proteobacteria;c__Gammaproteobacteria;o__Burkholderiales;f__Rhodocyclaceae;g__;s__
Skiv_18-Q3-R9-52_BATAC.289.fa,d__Bacteria;p__Proteobacteria;c__Gammaproteobacteria;o__Burkholderiales;f__Rhodocyclaceae;g__;s__
EsbW_18-Q3-R4-48_BATAC.285.fa,d__Bacteria;p__Proteobacteria;c__Gammaproteobacteria;o__Burkholderiales;f__Rhodocyclaceae;g__Accumulibacter;s__
Fred_18-Q3-R57-64_BAT3C.720.fa,d__Bacteria;p__Proteobacteria;c__Gammaproteobacteria;o__Burkholderiales;f__Rhodocyclaceae;g__Accumulibacter;s__
Fred_18-Q3-R57-64_MAXAC.027.fa,d__Bacteria;p__Proteobacteria;c__Gammaproteobacteria;o__Burkholderiales;f__Rhodocyclaceae;g__Accumulibacter;s__
Hade_18-Q3-R52-61_BATAC.726.fa,d__Bacteria;p__Proteobacteria;c__Gammaproteobacteria;o__Burkholderiales;f__Rhodocyclaceae;g__Accumulibacter;s__
OdNE_18-Q3-R46-58_BAT3C.415.fa,d__Bacteria;p__Proteobacteria;c__Gammaproteobacteria;o__Burkholderiales;f__Rhodocyclaceae;g__Accumulibacter;s__
AalE_18-Q3-R2-46_BAT3C.211.fa,d__Bacteria;p__Proteobacteria;c__Gammaproteobacteria;o__Burkholderiales;f__Rhodocyclaceae;g__Dechloromonas;s__
EsbW_18-Q3-R4-48_BAT3C.275.fa,d__Bacteria;p__Proteobacteria;c__Gammaproteobacteria;o__Burkholderiales;f__Rhodocyclaceae;g__Dechloromonas;s__
EsbW_18-Q3-R4-48_BATAC.463.fa,d__Bacteria;p__Proteobacteria;c__Gammaproteobacteria;o__Burkholderiales;f__Rhodocyclaceae;g__Dechloromonas;s__
Hade_18-Q3-R52-61_BATAC.364.fa,d__Bacteria;p__Proteobacteria;c__Gammaproteobacteria;o__Burkholderiales;f__Rhodocyclaceae;g__Dechloromonas;s__
OdNE_18-Q3-R46-58_BAT3C.305.fa,d__Bacteria;p__Proteobacteria;c__Gammaproteobacteria;o__Burkholderiales;f__Rhodocyclaceae;g__Dechloromonas;s__
Skiv_18-Q3-R9-52_MAXAC.078_sub.fa,d__Bacteria;p__Proteobacteria;c__Gammaproteobacteria;o__Burkholderiales;f__Rhodocyclaceae;g__Dechloromonas;s__
Ribe_18-Q3-R11-54_MAXAC.030.fa,d__Bacteria;p__Proteobacteria;c__Gammaproteobacteria;o__Burkholderiales;f__Rhodocyclaceae;g__Dechloromonas;s__Dechloromonas
Aved_18-Q3-R54-62_BAT3C.309.fa,d__Bacteria;p__Proteobacteria;c__Gammaproteobacteria;o__Burkholderiales;f__Rhodocyclaceae;g__Zoogloea;s__
Fred_18-Q3-R57-64_BAT3C.162.fa,d__Bacteria;p__Proteobacteria;c__Gammaproteobacteria;o__Burkholderiales;f__Rhodocyclaceae;g__Zoogloea;s__
Vibo_18-Q3-R45-57_MAXAC.072.fa,d__Bacteria;p__Proteobacteria;c__Gammaproteobacteria;o__Burkholderiales;f__Rhodocyclaceae;g__Zoogloea;s__
OdNE_18-Q3-R46-58_MAXAC.230.fa,d__Bacteria;p__Proteobacteria;c__Gammaproteobacteria;o__Xanthomonadales;f__Xanthomonadaceae;g__Aquimonas;s__
AalE_18-Q3-R2-46_BAT3C.214.fa,d__Bacteria;p__Proteobacteria;c__Gammaproteobacteria;o__Xanthomonadales;f__Xanthomonadaceae;g__Thermomonas;s__
AalW_18-Q3-R10-53_BAT3C.180.fa,d__Bacteria;p__Proteobacteria;c__Gammaproteobacteria;o__Xanthomonadales;f__Xanthomonadaceae;g__Thermomonas;s__
Bjer_18-Q3-R1-45_BAT3C.1.fa,d__Bacteria;p__Proteobacteria;c__Gammaproteobacteria;o__Xanthomonadales;f__Xanthomonadaceae;g__Thermomonas;s__
Damh_18-Q3-R51-60_MAXAC.170.fa,d__Bacteria;p__Proteobacteria;c__Gammaproteobacteria;o__Xanthomonadales;f__Xanthomonadaceae;g__Thermomonas;s__
Rand_18-Q3-R56-63_MAXAC.155.fa,d__Bacteria;p__Proteobacteria;c__Gammaproteobacteria;o__Xanthomonadales;f__Xanthomonadaceae;g__Thermomonas;s__
Viby_18-Q3-R106-67_BATAC.53.fa,d__Bacteria;p__Proteobacteria;c__Gammaproteobacteria;o__Xanthomonadales;f__Xanthomonadaceae;g__Thermomonas;s__